returned_episode_lengths,returned_episode_returns,returned_episode_solved,delay,method,level,execute_horizon
34.86914,0.9868164,0.96533203,0,naive,worlds/l/grasp_easy.json,1
100.197266,0.7529297,0.7392578,0,naive,worlds/l/catapult.json,1
54.654297,0.9995117,0.99902344,0,naive,worlds/l/cartpole_thrust.json,1
49.41504,0.98583984,0.9355469,0,naive,worlds/l/hard_lunar_lander.json,1
69.08203,0.9921875,0.8754883,0,naive,worlds/l/mjc_half_cheetah.json,1
148.2832,1.0,0.921875,0,naive,worlds/l/mjc_swimmer.json,1
171.11035,0.94189453,0.8100586,0,naive,worlds/l/mjc_walker.json,1
77.17041,0.99902344,0.9970703,0,naive,worlds/l/h17_unicycle.json,1
48.301758,0.99658203,0.9501953,0,naive,worlds/l/chain_lander.json,1
67.25781,0.99658203,0.9741211,0,naive,worlds/l/catcher_v3.json,1
173.19336,0.79052734,0.8305664,0,naive,worlds/l/trampoline.json,1
47.7666,0.99072266,0.9692383,0,naive,worlds/l/car_launch.json,1
33.805176,0.9995117,0.9707031,0,realtime,worlds/l/grasp_easy.json,1
102.19287,0.74316406,0.7260742,0,realtime,worlds/l/catapult.json,1
55.083008,1.0,0.9995117,0,realtime,worlds/l/cartpole_thrust.json,1
48.453125,0.99316406,0.9453125,0,realtime,worlds/l/hard_lunar_lander.json,1
72.36133,0.98876953,0.8696289,0,realtime,worlds/l/mjc_half_cheetah.json,1
141.4541,1.0,0.9145508,0,realtime,worlds/l/mjc_swimmer.json,1
162.73145,0.95947266,0.83984375,0,realtime,worlds/l/mjc_walker.json,1
80.515625,1.0,0.99902344,0,realtime,worlds/l/h17_unicycle.json,1
48.533203,0.99902344,0.9458008,0,realtime,worlds/l/chain_lander.json,1
66.28906,0.99658203,0.97265625,0,realtime,worlds/l/catcher_v3.json,1
168.53906,0.89208984,0.90478516,0,realtime,worlds/l/trampoline.json,1
47.706055,0.98779297,0.9663086,0,realtime,worlds/l/car_launch.json,1
34.815918,0.99560547,0.96533203,0,bid,worlds/l/grasp_easy.json,1
97.36719,0.76660156,0.74902344,0,bid,worlds/l/catapult.json,1
53.08545,1.0,0.9995117,0,bid,worlds/l/cartpole_thrust.json,1
48.52832,0.98095703,0.92871094,0,bid,worlds/l/hard_lunar_lander.json,1
73.302734,0.9916992,0.87109375,0,bid,worlds/l/mjc_half_cheetah.json,1
143.46582,1.0,0.9199219,0,bid,worlds/l/mjc_swimmer.json,1
163.33789,0.96240234,0.82470703,0,bid,worlds/l/mjc_walker.json,1
78.0918,1.0,0.99853516,0,bid,worlds/l/h17_unicycle.json,1
48.026855,0.9970703,0.953125,0,bid,worlds/l/chain_lander.json,1
66.28174,0.9975586,0.9760742,0,bid,worlds/l/catcher_v3.json,1
172.01367,0.81640625,0.84375,0,bid,worlds/l/trampoline.json,1
46.67871,0.9926758,0.97216797,0,bid,worlds/l/car_launch.json,1
34.890625,0.9897461,0.9658203,0,hard_masking,worlds/l/grasp_easy.json,1
98.819336,0.7597656,0.73876953,0,hard_masking,worlds/l/catapult.json,1
54.648438,0.9995117,0.99902344,0,hard_masking,worlds/l/cartpole_thrust.json,1
49.41504,0.98583984,0.9355469,0,hard_masking,worlds/l/hard_lunar_lander.json,1
69.11133,0.99365234,0.89404297,0,hard_masking,worlds/l/mjc_half_cheetah.json,1
148.40869,0.9995117,0.91796875,0,hard_masking,worlds/l/mjc_swimmer.json,1
171.04639,0.9404297,0.8027344,0,hard_masking,worlds/l/mjc_walker.json,1
77.17041,0.99902344,0.9970703,0,hard_masking,worlds/l/h17_unicycle.json,1
48.211426,0.9975586,0.9423828,0,hard_masking,worlds/l/chain_lander.json,1
67.28174,0.9970703,0.9741211,0,hard_masking,worlds/l/catcher_v3.json,1
173.23242,0.79248047,0.8305664,0,hard_masking,worlds/l/trampoline.json,1
47.759766,0.99072266,0.97021484,0,hard_masking,worlds/l/car_launch.json,1
34.936035,0.9824219,0.96191406,0,naive,worlds/l/grasp_easy.json,2
109.15381,0.70996094,0.6923828,0,naive,worlds/l/catapult.json,2
52.864746,0.9995117,0.99902344,0,naive,worlds/l/cartpole_thrust.json,2
49.666016,0.9873047,0.94140625,0,naive,worlds/l/hard_lunar_lander.json,2
71.12109,0.99316406,0.8955078,0,naive,worlds/l/mjc_half_cheetah.json,2
151.26807,1.0,0.91064453,0,naive,worlds/l/mjc_swimmer.json,2
173.16846,0.93896484,0.80810547,0,naive,worlds/l/mjc_walker.json,2
77.104004,0.9980469,0.99365234,0,naive,worlds/l/h17_unicycle.json,2
48.040527,0.9951172,0.9379883,0,naive,worlds/l/chain_lander.json,2
67.3418,0.99609375,0.97753906,0,naive,worlds/l/catcher_v3.json,2
171.65674,0.8095703,0.8496094,0,naive,worlds/l/trampoline.json,2
49.953613,0.9819336,0.9638672,0,naive,worlds/l/car_launch.json,2
34.06201,0.99316406,0.96728516,0,realtime,worlds/l/grasp_easy.json,2
111.3833,0.69921875,0.68115234,0,realtime,worlds/l/catapult.json,2
54.12256,0.99902344,0.9995117,0,realtime,worlds/l/cartpole_thrust.json,2
48.93994,0.9848633,0.94970703,0,realtime,worlds/l/hard_lunar_lander.json,2
73.27588,0.98876953,0.8671875,0,realtime,worlds/l/mjc_half_cheetah.json,2
152.40381,1.0,0.91748047,0,realtime,worlds/l/mjc_swimmer.json,2
170.37598,0.921875,0.80371094,0,realtime,worlds/l/mjc_walker.json,2
80.02051,1.0,0.9995117,0,realtime,worlds/l/h17_unicycle.json,2
48.33789,0.9975586,0.9399414,0,realtime,worlds/l/chain_lander.json,2
67.26709,0.99560547,0.9785156,0,realtime,worlds/l/catcher_v3.json,2
170.93555,0.8183594,0.8540039,0,realtime,worlds/l/trampoline.json,2
50.18994,0.9746094,0.95458984,0,realtime,worlds/l/car_launch.json,2
35.239258,0.9946289,0.9682617,0,bid,worlds/l/grasp_easy.json,2
106.99805,0.71972656,0.69970703,0,bid,worlds/l/catapult.json,2
52.30078,0.99902344,0.9995117,0,bid,worlds/l/cartpole_thrust.json,2
48.86377,0.98876953,0.94189453,0,bid,worlds/l/hard_lunar_lander.json,2
73.916016,0.98779297,0.8823242,0,bid,worlds/l/mjc_half_cheetah.json,2
151.04932,0.9995117,0.90478516,0,bid,worlds/l/mjc_swimmer.json,2
169.42041,0.9399414,0.8022461,0,bid,worlds/l/mjc_walker.json,2
77.76465,0.9970703,0.9946289,0,bid,worlds/l/h17_unicycle.json,2
48.092285,0.99902344,0.9428711,0,bid,worlds/l/chain_lander.json,2
66.75293,0.99853516,0.9765625,0,bid,worlds/l/catcher_v3.json,2
174.03564,0.78222656,0.8178711,0,bid,worlds/l/trampoline.json,2
48.22119,0.98779297,0.96777344,0,bid,worlds/l/car_launch.json,2
34.94336,0.98046875,0.96191406,0,hard_masking,worlds/l/grasp_easy.json,2
109.049805,0.7104492,0.6933594,0,hard_masking,worlds/l/catapult.json,2
52.86035,0.9995117,0.99902344,0,hard_masking,worlds/l/cartpole_thrust.json,2
49.666016,0.9873047,0.94140625,0,hard_masking,worlds/l/hard_lunar_lander.json,2
71.94922,0.99121094,0.8725586,0,hard_masking,worlds/l/mjc_half_cheetah.json,2
151.65576,1.0,0.9121094,0,hard_masking,worlds/l/mjc_swimmer.json,2
171.53906,0.95214844,0.8203125,0,hard_masking,worlds/l/mjc_walker.json,2
77.104004,0.9980469,0.99365234,0,hard_masking,worlds/l/h17_unicycle.json,2
48.143066,0.99658203,0.9379883,0,hard_masking,worlds/l/chain_lander.json,2
67.34961,0.99365234,0.97558594,0,hard_masking,worlds/l/catcher_v3.json,2
171.77393,0.8125,0.8491211,0,hard_masking,worlds/l/trampoline.json,2
49.85742,0.9824219,0.96484375,0,hard_masking,worlds/l/car_launch.json,2
35.14453,0.98339844,0.9628906,0,naive,worlds/l/grasp_easy.json,3
120.45166,0.65625,0.6411133,0,naive,worlds/l/catapult.json,3
50.283203,0.99658203,0.9975586,0,naive,worlds/l/cartpole_thrust.json,3
49.597656,0.984375,0.9428711,0,naive,worlds/l/hard_lunar_lander.json,3
70.18945,0.9941406,0.88623047,0,naive,worlds/l/mjc_half_cheetah.json,3
157.93018,0.9995117,0.9194336,0,naive,worlds/l/mjc_swimmer.json,3
177.91406,0.8964844,0.7685547,0,naive,worlds/l/mjc_walker.json,3
77.57715,0.99560547,0.9921875,0,naive,worlds/l/h17_unicycle.json,3
48.15576,0.99658203,0.9453125,0,naive,worlds/l/chain_lander.json,3
67.5332,0.9946289,0.97558594,0,naive,worlds/l/catcher_v3.json,3
174.98535,0.75341797,0.80126953,0,naive,worlds/l/trampoline.json,3
51.37549,0.9765625,0.95458984,0,naive,worlds/l/car_launch.json,3
34.157715,0.98828125,0.9663086,0,realtime,worlds/l/grasp_easy.json,3
118.63379,0.6645508,0.64746094,0,realtime,worlds/l/catapult.json,3
52.24756,0.99853516,0.99902344,0,realtime,worlds/l/cartpole_thrust.json,3
49.25586,0.9921875,0.9472656,0,realtime,worlds/l/hard_lunar_lander.json,3
74.11133,0.9916992,0.87841797,0,realtime,worlds/l/mjc_half_cheetah.json,3
162.27393,0.9995117,0.9121094,0,realtime,worlds/l/mjc_swimmer.json,3
178.43652,0.8720703,0.7553711,0,realtime,worlds/l/mjc_walker.json,3
79.67383,0.9995117,0.99853516,0,realtime,worlds/l/h17_unicycle.json,3
48.453613,0.99560547,0.95166016,0,realtime,worlds/l/chain_lander.json,3
67.80762,0.98876953,0.97509766,0,realtime,worlds/l/catcher_v3.json,3
173.30127,0.7832031,0.8276367,0,realtime,worlds/l/trampoline.json,3
49.309082,0.98291016,0.9614258,0,realtime,worlds/l/car_launch.json,3
35.009277,0.9863281,0.96484375,0,bid,worlds/l/grasp_easy.json,3
114.09424,0.68652344,0.6689453,0,bid,worlds/l/catapult.json,3
50.155273,0.99658203,0.9975586,0,bid,worlds/l/cartpole_thrust.json,3
49.135742,0.98779297,0.93847656,0,bid,worlds/l/hard_lunar_lander.json,3
75.575195,0.9926758,0.8623047,0,bid,worlds/l/mjc_half_cheetah.json,3
159.61572,1.0,0.9082031,0,bid,worlds/l/mjc_swimmer.json,3
178.43604,0.8652344,0.7475586,0,bid,worlds/l/mjc_walker.json,3
77.612305,0.99560547,0.9941406,0,bid,worlds/l/h17_unicycle.json,3
48.245117,0.9970703,0.9428711,0,bid,worlds/l/chain_lander.json,3
67.18457,0.9980469,0.97802734,0,bid,worlds/l/catcher_v3.json,3
172.75537,0.81152344,0.83203125,0,bid,worlds/l/trampoline.json,3
49.129883,0.9819336,0.9614258,0,bid,worlds/l/car_launch.json,3
35.149414,0.98291016,0.96240234,0,hard_masking,worlds/l/grasp_easy.json,3
120.76709,0.65478516,0.6381836,0,hard_masking,worlds/l/catapult.json,3
50.279785,0.99658203,0.9975586,0,hard_masking,worlds/l/cartpole_thrust.json,3
49.597656,0.984375,0.9428711,0,hard_masking,worlds/l/hard_lunar_lander.json,3
70.19238,0.99560547,0.8833008,0,hard_masking,worlds/l/mjc_half_cheetah.json,3
156.61865,1.0,0.8979492,0,hard_masking,worlds/l/mjc_swimmer.json,3
178.8247,0.89404297,0.7636719,0,hard_masking,worlds/l/mjc_walker.json,3
77.57715,0.99560547,0.9921875,0,hard_masking,worlds/l/h17_unicycle.json,3
48.05664,0.9980469,0.94433594,0,hard_masking,worlds/l/chain_lander.json,3
67.5249,0.99316406,0.9711914,0,hard_masking,worlds/l/catcher_v3.json,3
175.0122,0.75097656,0.80126953,0,hard_masking,worlds/l/trampoline.json,3
51.310547,0.9770508,0.9555664,0,hard_masking,worlds/l/car_launch.json,3
35.151855,0.97753906,0.95996094,0,naive,worlds/l/grasp_easy.json,4
118.76758,0.6640625,0.64941406,0,naive,worlds/l/catapult.json,4
49.95117,0.99853516,0.99853516,0,naive,worlds/l/cartpole_thrust.json,4
49.63623,0.9824219,0.93359375,0,naive,worlds/l/hard_lunar_lander.json,4
74.86865,0.99121094,0.8671875,0,naive,worlds/l/mjc_half_cheetah.json,4
164.9961,0.9970703,0.9135742,0,naive,worlds/l/mjc_swimmer.json,4
183.64697,0.8515625,0.73339844,0,naive,worlds/l/mjc_walker.json,4
77.28711,0.9897461,0.9897461,0,naive,worlds/l/h17_unicycle.json,4
48.398438,0.99316406,0.94091797,0,naive,worlds/l/chain_lander.json,4
67.75635,0.99072266,0.97314453,0,naive,worlds/l/catcher_v3.json,4
171.90137,0.80908203,0.8457031,0,naive,worlds/l/trampoline.json,4
52.520508,0.9711914,0.94677734,0,naive,worlds/l/car_launch.json,4
34.04541,0.98046875,0.96240234,0,realtime,worlds/l/grasp_easy.json,4
120.46582,0.65527344,0.64208984,0,realtime,worlds/l/catapult.json,4
51.507812,1.0,1.0,0,realtime,worlds/l/cartpole_thrust.json,4
49.32715,0.9892578,0.94189453,0,realtime,worlds/l/hard_lunar_lander.json,4
75.57861,0.99121094,0.8676758,0,realtime,worlds/l/mjc_half_cheetah.json,4
171.49805,0.9970703,0.90185547,0,realtime,worlds/l/mjc_swimmer.json,4
187.05615,0.7890625,0.70458984,0,realtime,worlds/l/mjc_walker.json,4
79.09473,0.99560547,0.9926758,0,realtime,worlds/l/h17_unicycle.json,4
48.49414,0.9951172,0.94677734,0,realtime,worlds/l/chain_lander.json,4
68.08154,0.98095703,0.9658203,0,realtime,worlds/l/catcher_v3.json,4
172.34082,0.8046875,0.8417969,0,realtime,worlds/l/trampoline.json,4
51.708496,0.97265625,0.9477539,0,realtime,worlds/l/car_launch.json,4
35.37207,0.9794922,0.9614258,0,bid,worlds/l/grasp_easy.json,4
117.19043,0.6713867,0.6582031,0,bid,worlds/l/catapult.json,4
49.9834,0.9951172,0.99609375,0,bid,worlds/l/cartpole_thrust.json,4
49.335938,0.98876953,0.9433594,0,bid,worlds/l/hard_lunar_lander.json,4
75.97266,0.9868164,0.8745117,0,bid,worlds/l/mjc_half_cheetah.json,4
170.14014,0.9970703,0.9057617,0,bid,worlds/l/mjc_swimmer.json,4
187.5581,0.79345703,0.69140625,0,bid,worlds/l/mjc_walker.json,4
77.79004,0.98779297,0.9863281,0,bid,worlds/l/h17_unicycle.json,4
48.260254,0.99560547,0.94189453,0,bid,worlds/l/chain_lander.json,4
67.43701,0.98828125,0.97558594,0,bid,worlds/l/catcher_v3.json,4
173.0791,0.79785156,0.8310547,0,bid,worlds/l/trampoline.json,4
50.805664,0.97998047,0.9536133,0,bid,worlds/l/car_launch.json,4
35.15869,0.9746094,0.9536133,0,hard_masking,worlds/l/grasp_easy.json,4
117.083984,0.6723633,0.65478516,0,hard_masking,worlds/l/catapult.json,4
49.95215,0.99853516,0.99902344,0,hard_masking,worlds/l/cartpole_thrust.json,4
49.63623,0.9824219,0.93359375,0,hard_masking,worlds/l/hard_lunar_lander.json,4
75.83594,0.984375,0.86621094,0,hard_masking,worlds/l/mjc_half_cheetah.json,4
165.3872,0.9970703,0.90527344,0,hard_masking,worlds/l/mjc_swimmer.json,4
183.88135,0.8515625,0.7373047,0,hard_masking,worlds/l/mjc_walker.json,4
77.28711,0.9897461,0.9897461,0,hard_masking,worlds/l/h17_unicycle.json,4
48.484863,0.9926758,0.94384766,0,hard_masking,worlds/l/chain_lander.json,4
67.82373,0.9916992,0.9741211,0,hard_masking,worlds/l/catcher_v3.json,4
171.97461,0.8144531,0.8457031,0,hard_masking,worlds/l/trampoline.json,4
52.69922,0.9716797,0.9472656,0,hard_masking,worlds/l/car_launch.json,4
35.370117,0.97802734,0.9628906,0,naive,worlds/l/grasp_easy.json,5
124.69629,0.63671875,0.6254883,0,naive,worlds/l/catapult.json,5
50.601074,0.99560547,0.99560547,0,naive,worlds/l/cartpole_thrust.json,5
49.734375,0.98046875,0.93896484,0,naive,worlds/l/hard_lunar_lander.json,5
74.90381,0.99121094,0.87158203,0,naive,worlds/l/mjc_half_cheetah.json,5
173.6001,0.99316406,0.89501953,0,naive,worlds/l/mjc_swimmer.json,5
187.54785,0.79248047,0.6855469,0,naive,worlds/l/mjc_walker.json,5
78.197754,0.9868164,0.98583984,0,naive,worlds/l/h17_unicycle.json,5
48.59619,0.9946289,0.9370117,0,naive,worlds/l/chain_lander.json,5
68.06348,0.98828125,0.9765625,0,naive,worlds/l/catcher_v3.json,5
172.42627,0.81103516,0.84277344,0,naive,worlds/l/trampoline.json,5
52.97705,0.9682617,0.9482422,0,naive,worlds/l/car_launch.json,5
33.925293,0.9824219,0.95947266,0,realtime,worlds/l/grasp_easy.json,5
130.1875,0.609375,0.59716797,0,realtime,worlds/l/catapult.json,5
51.8584,0.99609375,0.9970703,0,realtime,worlds/l/cartpole_thrust.json,5
49.351074,0.98339844,0.9477539,0,realtime,worlds/l/hard_lunar_lander.json,5
75.16211,0.98828125,0.8803711,0,realtime,worlds/l/mjc_half_cheetah.json,5
178.71924,0.99121094,0.89208984,0,realtime,worlds/l/mjc_swimmer.json,5
195.34131,0.7006836,0.6176758,0,realtime,worlds/l/mjc_walker.json,5
79.14014,0.9916992,0.9892578,0,realtime,worlds/l/h17_unicycle.json,5
48.36621,0.99560547,0.9472656,0,realtime,worlds/l/chain_lander.json,5
68.47119,0.96875,0.9609375,0,realtime,worlds/l/catcher_v3.json,5
172.40332,0.8066406,0.8378906,0,realtime,worlds/l/trampoline.json,5
52.961426,0.96972656,0.95458984,0,realtime,worlds/l/car_launch.json,5
35.444824,0.9760742,0.9609375,0,bid,worlds/l/grasp_easy.json,5
127.00488,0.625,0.6118164,0,bid,worlds/l/catapult.json,5
50.660156,0.99121094,0.99365234,0,bid,worlds/l/cartpole_thrust.json,5
49.44922,0.9868164,0.9394531,0,bid,worlds/l/hard_lunar_lander.json,5
76.09912,0.9848633,0.8745117,0,bid,worlds/l/mjc_half_cheetah.json,5
177.19482,0.9902344,0.9003906,0,bid,worlds/l/mjc_swimmer.json,5
193.72119,0.7167969,0.6308594,0,bid,worlds/l/mjc_walker.json,5
79.34424,0.9868164,0.9848633,0,bid,worlds/l/h17_unicycle.json,5
48.32959,0.99609375,0.9399414,0,bid,worlds/l/chain_lander.json,5
68.16748,0.98339844,0.97216797,0,bid,worlds/l/catcher_v3.json,5
172.08105,0.81152344,0.84521484,0,bid,worlds/l/trampoline.json,5
51.804688,0.97509766,0.9550781,0,bid,worlds/l/car_launch.json,5
35.331543,0.97558594,0.96240234,0,hard_masking,worlds/l/grasp_easy.json,5
124.748535,0.6357422,0.6220703,0,hard_masking,worlds/l/catapult.json,5
50.597656,0.99560547,0.99609375,0,hard_masking,worlds/l/cartpole_thrust.json,5
49.734375,0.98046875,0.93896484,0,hard_masking,worlds/l/hard_lunar_lander.json,5
75.069824,0.9902344,0.8745117,0,hard_masking,worlds/l/mjc_half_cheetah.json,5
173.56299,0.99121094,0.90771484,0,hard_masking,worlds/l/mjc_swimmer.json,5
189.64209,0.76464844,0.67626953,0,hard_masking,worlds/l/mjc_walker.json,5
78.197754,0.9868164,0.98583984,0,hard_masking,worlds/l/h17_unicycle.json,5
48.601074,0.9946289,0.9379883,0,hard_masking,worlds/l/chain_lander.json,5
68.04736,0.9873047,0.97265625,0,hard_masking,worlds/l/catcher_v3.json,5
172.16992,0.81347656,0.84277344,0,hard_masking,worlds/l/trampoline.json,5
52.84131,0.9682617,0.9477539,0,hard_masking,worlds/l/car_launch.json,5
35.39746,0.97021484,0.95166016,0,naive,worlds/l/grasp_easy.json,6
128.44727,0.6176758,0.60253906,0,naive,worlds/l/catapult.json,6
51.23877,0.99609375,0.9970703,0,naive,worlds/l/cartpole_thrust.json,6
49.845703,0.96875,0.93603516,0,naive,worlds/l/hard_lunar_lander.json,6
75.086426,0.9873047,0.8642578,0,naive,worlds/l/mjc_half_cheetah.json,6
182.12158,0.98535156,0.88427734,0,naive,worlds/l/mjc_swimmer.json,6
192.3418,0.7416992,0.6489258,0,naive,worlds/l/mjc_walker.json,6
78.31348,0.98095703,0.97998047,0,naive,worlds/l/h17_unicycle.json,6
48.271973,0.99658203,0.95214844,0,naive,worlds/l/chain_lander.json,6
67.87988,0.98535156,0.96484375,0,naive,worlds/l/catcher_v3.json,6
171.17725,0.8198242,0.85498047,0,naive,worlds/l/trampoline.json,6
58.976562,0.9433594,0.92041016,0,naive,worlds/l/car_launch.json,6
34.54785,0.9711914,0.9506836,0,realtime,worlds/l/grasp_easy.json,6
127.484375,0.6220703,0.6088867,0,realtime,worlds/l/catapult.json,6
52.12744,0.99560547,0.9970703,0,realtime,worlds/l/cartpole_thrust.json,6
49.77295,0.98095703,0.9458008,0,realtime,worlds/l/hard_lunar_lander.json,6
75.07422,0.9873047,0.87597656,0,realtime,worlds/l/mjc_half_cheetah.json,6
185.32178,0.97998047,0.8911133,0,realtime,worlds/l/mjc_swimmer.json,6
196.01172,0.6933594,0.6113281,0,realtime,worlds/l/mjc_walker.json,6
79.02588,0.98046875,0.98046875,0,realtime,worlds/l/h17_unicycle.json,6
48.51123,0.9946289,0.94384766,0,realtime,worlds/l/chain_lander.json,6
68.2041,0.9794922,0.9633789,0,realtime,worlds/l/catcher_v3.json,6
172.18164,0.8046875,0.83984375,0,realtime,worlds/l/trampoline.json,6
58.563477,0.9394531,0.92285156,0,realtime,worlds/l/car_launch.json,6
36.2583,0.96875,0.95458984,0,bid,worlds/l/grasp_easy.json,6
126.33252,0.6279297,0.61328125,0,bid,worlds/l/catapult.json,6
51.12207,0.99365234,0.9941406,0,bid,worlds/l/cartpole_thrust.json,6
49.64502,0.9868164,0.9477539,0,bid,worlds/l/hard_lunar_lander.json,6
76.3457,0.98095703,0.87158203,0,bid,worlds/l/mjc_half_cheetah.json,6
187.0625,0.97314453,0.8730469,0,bid,worlds/l/mjc_swimmer.json,6
200.12305,0.62841797,0.5546875,0,bid,worlds/l/mjc_walker.json,6
77.84961,0.9824219,0.98046875,0,bid,worlds/l/h17_unicycle.json,6
48.390137,0.99316406,0.9506836,0,bid,worlds/l/chain_lander.json,6
67.90625,0.98339844,0.9633789,0,bid,worlds/l/catcher_v3.json,6
172.86084,0.7939453,0.8300781,0,bid,worlds/l/trampoline.json,6
59.07617,0.94189453,0.9248047,0,bid,worlds/l/car_launch.json,6
35.36914,0.96972656,0.95214844,0,hard_masking,worlds/l/grasp_easy.json,6
128.90674,0.61572266,0.5996094,0,hard_masking,worlds/l/catapult.json,6
51.240723,0.99609375,0.9975586,0,hard_masking,worlds/l/cartpole_thrust.json,6
49.845703,0.96875,0.93603516,0,hard_masking,worlds/l/hard_lunar_lander.json,6
74.59766,0.984375,0.87402344,0,hard_masking,worlds/l/mjc_half_cheetah.json,6
180.87744,0.9824219,0.8745117,0,hard_masking,worlds/l/mjc_swimmer.json,6
191.28564,0.7475586,0.66064453,0,hard_masking,worlds/l/mjc_walker.json,6
78.31348,0.98095703,0.97998047,0,hard_masking,worlds/l/h17_unicycle.json,6
48.165527,0.9970703,0.9511719,0,hard_masking,worlds/l/chain_lander.json,6
67.88916,0.98339844,0.9633789,0,hard_masking,worlds/l/catcher_v3.json,6
171.03076,0.81884766,0.85595703,0,hard_masking,worlds/l/trampoline.json,6
58.70215,0.94433594,0.9213867,0,hard_masking,worlds/l/car_launch.json,6
35.385254,0.9707031,0.9555664,0,naive,worlds/l/grasp_easy.json,7
137.55078,0.5756836,0.56103516,0,naive,worlds/l/catapult.json,7
51.949707,0.9873047,0.99072266,0,naive,worlds/l/cartpole_thrust.json,7
50.07715,0.97509766,0.9291992,0,naive,worlds/l/hard_lunar_lander.json,7
76.796875,0.97998047,0.8745117,0,naive,worlds/l/mjc_half_cheetah.json,7
189.88135,0.96484375,0.88427734,0,naive,worlds/l/mjc_swimmer.json,7
201.09033,0.65771484,0.59033203,0,naive,worlds/l/mjc_walker.json,7
79.1582,0.97314453,0.9741211,0,naive,worlds/l/h17_unicycle.json,7
48.276367,0.9892578,0.93652344,0,naive,worlds/l/chain_lander.json,7
67.92334,0.97314453,0.96484375,0,naive,worlds/l/catcher_v3.json,7
172.25195,0.79003906,0.8286133,0,naive,worlds/l/trampoline.json,7
56.324707,0.94921875,0.9345703,0,naive,worlds/l/car_launch.json,7
34.703125,0.96875,0.95166016,0,realtime,worlds/l/grasp_easy.json,7
135.14111,0.5864258,0.5732422,0,realtime,worlds/l/catapult.json,7
52.318848,0.9863281,0.99121094,0,realtime,worlds/l/cartpole_thrust.json,7
50.023926,0.9814453,0.9394531,0,realtime,worlds/l/hard_lunar_lander.json,7
77.0293,0.9794922,0.85546875,0,realtime,worlds/l/mjc_half_cheetah.json,7
191.05273,0.9633789,0.8588867,0,realtime,worlds/l/mjc_swimmer.json,7
203.29834,0.6298828,0.55859375,0,realtime,worlds/l/mjc_walker.json,7
78.48291,0.96777344,0.9716797,0,realtime,worlds/l/h17_unicycle.json,7
48.073242,0.9926758,0.9394531,0,realtime,worlds/l/chain_lander.json,7
68.09131,0.96484375,0.9589844,0,realtime,worlds/l/catcher_v3.json,7
171.68945,0.7841797,0.8334961,0,realtime,worlds/l/trampoline.json,7
57.09912,0.94677734,0.9272461,0,realtime,worlds/l/car_launch.json,7
36.03955,0.96435547,0.94873047,0,bid,worlds/l/grasp_easy.json,7
138.04004,0.5722656,0.5600586,0,bid,worlds/l/catapult.json,7
51.506348,0.98291016,0.98876953,0,bid,worlds/l/cartpole_thrust.json,7
49.931152,0.9741211,0.9321289,0,bid,worlds/l/hard_lunar_lander.json,7
78.42871,0.98046875,0.87158203,0,bid,worlds/l/mjc_half_cheetah.json,7
196.10498,0.9458008,0.84716797,0,bid,worlds/l/mjc_swimmer.json,7
205.66748,0.59765625,0.5361328,0,bid,worlds/l/mjc_walker.json,7
78.20996,0.97753906,0.97509766,0,bid,worlds/l/h17_unicycle.json,7
48.52539,0.9926758,0.93310547,0,bid,worlds/l/chain_lander.json,7
67.901855,0.9609375,0.9555664,0,bid,worlds/l/catcher_v3.json,7
172.16113,0.7841797,0.8276367,0,bid,worlds/l/trampoline.json,7
55.391113,0.9555664,0.93408203,0,bid,worlds/l/car_launch.json,7
35.52588,0.9707031,0.95410156,0,hard_masking,worlds/l/grasp_easy.json,7
138.74658,0.5703125,0.5551758,0,hard_masking,worlds/l/catapult.json,7
51.948242,0.9873047,0.9897461,0,hard_masking,worlds/l/cartpole_thrust.json,7
50.07715,0.97509766,0.9291992,0,hard_masking,worlds/l/hard_lunar_lander.json,7
77.2832,0.98583984,0.8671875,0,hard_masking,worlds/l/mjc_half_cheetah.json,7
189.15332,0.96533203,0.8725586,0,hard_masking,worlds/l/mjc_swimmer.json,7
202.34277,0.64453125,0.5673828,0,hard_masking,worlds/l/mjc_walker.json,7
79.1582,0.97314453,0.9741211,0,hard_masking,worlds/l/h17_unicycle.json,7
48.194824,0.9897461,0.9326172,0,hard_masking,worlds/l/chain_lander.json,7
67.918945,0.97216797,0.96435547,0,hard_masking,worlds/l/catcher_v3.json,7
172.11377,0.79589844,0.8305664,0,hard_masking,worlds/l/trampoline.json,7
56.23291,0.94970703,0.9350586,0,hard_masking,worlds/l/car_launch.json,7
35.057617,0.9614258,0.9433594,0,naive,worlds/l/grasp_easy.json,8
128.0708,0.62158203,0.60253906,0,naive,worlds/l/catapult.json,8
52.075195,0.97265625,0.9819336,0,naive,worlds/l/cartpole_thrust.json,8
49.836914,0.9736328,0.92333984,0,naive,worlds/l/hard_lunar_lander.json,8
78.65039,0.9790039,0.8515625,0,naive,worlds/l/mjc_half_cheetah.json,8
196.69238,0.9345703,0.84277344,0,naive,worlds/l/mjc_swimmer.json,8
207.95996,0.5776367,0.5131836,0,naive,worlds/l/mjc_walker.json,8
79.49072,0.95410156,0.9604492,0,naive,worlds/l/h17_unicycle.json,8
48.807617,0.9946289,0.93603516,0,naive,worlds/l/chain_lander.json,8
68.135254,0.9658203,0.9550781,0,naive,worlds/l/catcher_v3.json,8
171.93066,0.80029297,0.8364258,0,naive,worlds/l/trampoline.json,8
56.67871,0.95654297,0.94140625,0,naive,worlds/l/car_launch.json,8
35.10791,0.95996094,0.9394531,0,realtime,worlds/l/grasp_easy.json,8
127.351074,0.62402344,0.6064453,0,realtime,worlds/l/catapult.json,8
52.07715,0.97265625,0.9824219,0,realtime,worlds/l/cartpole_thrust.json,8
49.836914,0.9736328,0.92333984,0,realtime,worlds/l/hard_lunar_lander.json,8
78.24951,0.9848633,0.8696289,0,realtime,worlds/l/mjc_half_cheetah.json,8
196.33545,0.9375,0.84472656,0,realtime,worlds/l/mjc_swimmer.json,8
206.71191,0.58984375,0.53222656,0,realtime,worlds/l/mjc_walker.json,8
79.49072,0.95410156,0.9604492,0,realtime,worlds/l/h17_unicycle.json,8
48.890137,0.99365234,0.93359375,0,realtime,worlds/l/chain_lander.json,8
68.22217,0.9667969,0.9555664,0,realtime,worlds/l/catcher_v3.json,8
171.9253,0.8027344,0.83691406,0,realtime,worlds/l/trampoline.json,8
56.68164,0.95654297,0.9399414,0,realtime,worlds/l/car_launch.json,8
35.246582,0.95166016,0.9448242,0,bid,worlds/l/grasp_easy.json,8
133.2544,0.5957031,0.5786133,0,bid,worlds/l/catapult.json,8
52.06836,0.98535156,0.99072266,0,bid,worlds/l/cartpole_thrust.json,8
49.927734,0.97265625,0.9399414,0,bid,worlds/l/hard_lunar_lander.json,8
78.16211,0.9848633,0.8588867,0,bid,worlds/l/mjc_half_cheetah.json,8
195.93896,0.9433594,0.85009766,0,bid,worlds/l/mjc_swimmer.json,8
207.38867,0.5839844,0.5341797,0,bid,worlds/l/mjc_walker.json,8
78.635254,0.96533203,0.96972656,0,bid,worlds/l/h17_unicycle.json,8
48.936523,0.9921875,0.9379883,0,bid,worlds/l/chain_lander.json,8
67.98535,0.9658203,0.96191406,0,bid,worlds/l/catcher_v3.json,8
172.96436,0.7871094,0.8227539,0,bid,worlds/l/trampoline.json,8
57.265625,0.9511719,0.9326172,0,bid,worlds/l/car_launch.json,8
35.041016,0.96240234,0.9399414,0,hard_masking,worlds/l/grasp_easy.json,8
127.351074,0.62402344,0.6064453,0,hard_masking,worlds/l/catapult.json,8
52.07715,0.97265625,0.9824219,0,hard_masking,worlds/l/cartpole_thrust.json,8
49.836914,0.9736328,0.92333984,0,hard_masking,worlds/l/hard_lunar_lander.json,8
77.91455,0.9819336,0.86816406,0,hard_masking,worlds/l/mjc_half_cheetah.json,8
196.33545,0.9375,0.84472656,0,hard_masking,worlds/l/mjc_swimmer.json,8
206.84717,0.59716797,0.5385742,0,hard_masking,worlds/l/mjc_walker.json,8
79.49072,0.95410156,0.9604492,0,hard_masking,worlds/l/h17_unicycle.json,8
48.890137,0.99365234,0.93359375,0,hard_masking,worlds/l/chain_lander.json,8
68.2417,0.9667969,0.9550781,0,hard_masking,worlds/l/catcher_v3.json,8
171.92676,0.8027344,0.83691406,0,hard_masking,worlds/l/trampoline.json,8
56.754395,0.9555664,0.9404297,0,hard_masking,worlds/l/car_launch.json,8
33.710938,0.6171875,0.7080078,1,naive,worlds/l/grasp_easy.json,1
207.28369,0.2397461,0.22558594,1,naive,worlds/l/catapult.json,1
54.06299,0.99853516,0.99853516,1,naive,worlds/l/cartpole_thrust.json,1
50.73291,0.9770508,0.9423828,1,naive,worlds/l/hard_lunar_lander.json,1
77.93652,0.9951172,0.8647461,1,naive,worlds/l/mjc_half_cheetah.json,1
194.59473,0.9453125,0.8442383,1,naive,worlds/l/mjc_swimmer.json,1
196.94092,0.7001953,0.6171875,1,naive,worlds/l/mjc_walker.json,1
82.30859,0.66503906,0.7583008,1,naive,worlds/l/h17_unicycle.json,1
48.24756,0.99316406,0.9511719,1,naive,worlds/l/chain_lander.json,1
69.075195,0.765625,0.81933594,1,naive,worlds/l/catcher_v3.json,1
170.66797,0.48046875,0.6459961,1,naive,worlds/l/trampoline.json,1
84.1084,0.77685547,0.7836914,1,naive,worlds/l/car_launch.json,1
35.257812,0.9506836,0.94189453,1,realtime,worlds/l/grasp_easy.json,1
134.23096,0.58935547,0.57373047,1,realtime,worlds/l/catapult.json,1
53.345703,1.0,0.9995117,1,realtime,worlds/l/cartpole_thrust.json,1
48.956543,0.9848633,0.9399414,1,realtime,worlds/l/hard_lunar_lander.json,1
74.3125,0.98876953,0.86621094,1,realtime,worlds/l/mjc_half_cheetah.json,1
156.8711,0.9995117,0.9067383,1,realtime,worlds/l/mjc_swimmer.json,1
168.16016,0.9243164,0.79589844,1,realtime,worlds/l/mjc_walker.json,1
79.68359,0.9897461,0.98828125,1,realtime,worlds/l/h17_unicycle.json,1
48.399902,0.99658203,0.9458008,1,realtime,worlds/l/chain_lander.json,1
67.48682,0.97216797,0.9609375,1,realtime,worlds/l/catcher_v3.json,1
169.51514,0.8383789,0.87402344,1,realtime,worlds/l/trampoline.json,1
57.415527,0.9394531,0.9223633,1,realtime,worlds/l/car_launch.json,1
34.939453,0.94677734,0.9404297,1,bid,worlds/l/grasp_easy.json,1
148.74268,0.5205078,0.5058594,1,bid,worlds/l/catapult.json,1
53.10547,0.99853516,0.99853516,1,bid,worlds/l/cartpole_thrust.json,1
49.092285,0.9863281,0.93603516,1,bid,worlds/l/hard_lunar_lander.json,1
74.42676,0.99121094,0.8828125,1,bid,worlds/l/mjc_half_cheetah.json,1
162.79248,0.9980469,0.9003906,1,bid,worlds/l/mjc_swimmer.json,1
171.04199,0.91015625,0.7988281,1,bid,worlds/l/mjc_walker.json,1
79.37598,0.9692383,0.97265625,1,bid,worlds/l/h17_unicycle.json,1
48.051758,0.99609375,0.94433594,1,bid,worlds/l/chain_lander.json,1
67.62988,0.9506836,0.9482422,1,bid,worlds/l/catcher_v3.json,1
174.32422,0.7519531,0.80029297,1,bid,worlds/l/trampoline.json,1
63.924805,0.9086914,0.89208984,1,bid,worlds/l/car_launch.json,1
34.38672,0.8588867,0.8803711,1,hard_masking,worlds/l/grasp_easy.json,1
170.59521,0.41552734,0.4033203,1,hard_masking,worlds/l/catapult.json,1
53.77588,0.99902344,0.99902344,1,hard_masking,worlds/l/cartpole_thrust.json,1
49.81006,0.9838867,0.9428711,1,hard_masking,worlds/l/hard_lunar_lander.json,1
73.5332,0.9926758,0.87841797,1,hard_masking,worlds/l/mjc_half_cheetah.json,1
173.1709,0.9916992,0.90185547,1,hard_masking,worlds/l/mjc_swimmer.json,1
177.93604,0.8935547,0.7763672,1,hard_masking,worlds/l/mjc_walker.json,1
81.45654,0.90478516,0.91308594,1,hard_masking,worlds/l/h17_unicycle.json,1
47.967773,0.9970703,0.93652344,1,hard_masking,worlds/l/chain_lander.json,1
68.23047,0.9267578,0.9326172,1,hard_masking,worlds/l/catcher_v3.json,1
172.29639,0.59228516,0.7128906,1,hard_masking,worlds/l/trampoline.json,1
69.41162,0.87939453,0.87353516,1,hard_masking,worlds/l/car_launch.json,1
35.37256,0.734375,0.78466797,1,naive,worlds/l/grasp_easy.json,2
179.74463,0.375,0.35986328,1,naive,worlds/l/catapult.json,2
53.22168,0.99365234,0.99560547,1,naive,worlds/l/cartpole_thrust.json,2
50.74121,0.98779297,0.9453125,1,naive,worlds/l/hard_lunar_lander.json,2
73.02734,0.9892578,0.8798828,1,naive,worlds/l/mjc_half_cheetah.json,2
194.64404,0.9472656,0.85839844,1,naive,worlds/l/mjc_swimmer.json,2
196.05371,0.7055664,0.6220703,1,naive,worlds/l/mjc_walker.json,2
80.66016,0.9169922,0.9370117,1,naive,worlds/l/h17_unicycle.json,2
48.086426,0.99560547,0.9453125,1,naive,worlds/l/chain_lander.json,2
68.66455,0.72314453,0.80126953,1,naive,worlds/l/catcher_v3.json,2
171.71387,0.7885742,0.8364258,1,naive,worlds/l/trampoline.json,2
78.901855,0.8198242,0.8129883,1,naive,worlds/l/car_launch.json,2
35.73584,0.93359375,0.9277344,1,realtime,worlds/l/grasp_easy.json,2
139.87256,0.56347656,0.5473633,1,realtime,worlds/l/catapult.json,2
53.415527,0.9970703,0.9980469,1,realtime,worlds/l/cartpole_thrust.json,2
49.25049,0.97802734,0.9375,1,realtime,worlds/l/hard_lunar_lander.json,2
74.805176,0.98583984,0.8613281,1,realtime,worlds/l/mjc_half_cheetah.json,2
171.64941,0.9941406,0.90625,1,realtime,worlds/l/mjc_swimmer.json,2
181.16016,0.82714844,0.7324219,1,realtime,worlds/l/mjc_walker.json,2
79.885254,0.9921875,0.9892578,1,realtime,worlds/l/h17_unicycle.json,2
48.59082,0.9975586,0.9506836,1,realtime,worlds/l/chain_lander.json,2
68.14111,0.9145508,0.92285156,1,realtime,worlds/l/catcher_v3.json,2
171.38672,0.8100586,0.84375,1,realtime,worlds/l/trampoline.json,2
59.020508,0.9355469,0.9116211,1,realtime,worlds/l/car_launch.json,2
35.015137,0.9453125,0.9316406,1,bid,worlds/l/grasp_easy.json,2
144.25879,0.54296875,0.52685547,1,bid,worlds/l/catapult.json,2
52.768066,0.99609375,0.9975586,1,bid,worlds/l/cartpole_thrust.json,2
49.262695,0.984375,0.9458008,1,bid,worlds/l/hard_lunar_lander.json,2
74.78662,0.98828125,0.8701172,1,bid,worlds/l/mjc_half_cheetah.json,2
174.31738,0.99560547,0.8955078,1,bid,worlds/l/mjc_swimmer.json,2
181.87793,0.8105469,0.71777344,1,bid,worlds/l/mjc_walker.json,2
80.48779,0.96777344,0.9711914,1,bid,worlds/l/h17_unicycle.json,2
48.294434,0.9941406,0.9350586,1,bid,worlds/l/chain_lander.json,2
67.90527,0.8852539,0.9082031,1,bid,worlds/l/catcher_v3.json,2
175.51709,0.74853516,0.7963867,1,bid,worlds/l/trampoline.json,2
66.626465,0.88623047,0.8828125,1,bid,worlds/l/car_launch.json,2
34.523438,0.9189453,0.91259766,1,hard_masking,worlds/l/grasp_easy.json,2
153.86719,0.49658203,0.48339844,1,hard_masking,worlds/l/catapult.json,2
52.722656,0.9926758,0.99560547,1,hard_masking,worlds/l/cartpole_thrust.json,2
49.805664,0.98779297,0.9506836,1,hard_masking,worlds/l/hard_lunar_lander.json,2
73.45459,0.9873047,0.88671875,1,hard_masking,worlds/l/mjc_half_cheetah.json,2
178.62646,0.9902344,0.88134766,1,hard_masking,worlds/l/mjc_swimmer.json,2
186.62549,0.8222656,0.72021484,1,hard_masking,worlds/l/mjc_walker.json,2
79.77246,0.9477539,0.95410156,1,hard_masking,worlds/l/h17_unicycle.json,2
48.253418,0.9941406,0.93652344,1,hard_masking,worlds/l/chain_lander.json,2
68.23486,0.93115234,0.9370117,1,hard_masking,worlds/l/catcher_v3.json,2
173.0332,0.77197266,0.81884766,1,hard_masking,worlds/l/trampoline.json,2
64.56055,0.90771484,0.89160156,1,hard_masking,worlds/l/car_launch.json,2
33.180176,0.55029297,0.67333984,1,naive,worlds/l/grasp_easy.json,3
162.93457,0.45507812,0.43701172,1,naive,worlds/l/catapult.json,3
51.955566,0.9926758,0.9946289,1,naive,worlds/l/cartpole_thrust.json,3
50.51123,0.97753906,0.9370117,1,naive,worlds/l/hard_lunar_lander.json,3
76.461914,0.9785156,0.86376953,1,naive,worlds/l/mjc_half_cheetah.json,3
201.52393,0.9091797,0.81591797,1,naive,worlds/l/mjc_swimmer.json,3
198.3877,0.62890625,0.56347656,1,naive,worlds/l/mjc_walker.json,3
84.45215,0.87158203,0.88964844,1,naive,worlds/l/h17_unicycle.json,3
48.39258,0.99316406,0.94677734,1,naive,worlds/l/chain_lander.json,3
68.37842,0.53027344,0.6801758,1,naive,worlds/l/catcher_v3.json,3
173.07861,0.72753906,0.7885742,1,naive,worlds/l/trampoline.json,3
77.92822,0.828125,0.8149414,1,naive,worlds/l/car_launch.json,3
35.3208,0.9248047,0.92089844,1,realtime,worlds/l/grasp_easy.json,3
142.72217,0.55029297,0.5390625,1,realtime,worlds/l/catapult.json,3
52.506836,0.9995117,0.99902344,1,realtime,worlds/l/cartpole_thrust.json,3
49.51172,0.9824219,0.9379883,1,realtime,worlds/l/hard_lunar_lander.json,3
77.396484,0.98583984,0.8540039,1,realtime,worlds/l/mjc_half_cheetah.json,3
185.0586,0.97802734,0.8911133,1,realtime,worlds/l/mjc_swimmer.json,3
190.98242,0.7236328,0.6430664,1,realtime,worlds/l/mjc_walker.json,3
80.41016,0.96435547,0.96728516,1,realtime,worlds/l/h17_unicycle.json,3
48.605957,0.99609375,0.95166016,1,realtime,worlds/l/chain_lander.json,3
68.4082,0.8461914,0.8828125,1,realtime,worlds/l/catcher_v3.json,3
172.14697,0.7807617,0.8251953,1,realtime,worlds/l/trampoline.json,3
59.43213,0.9326172,0.91259766,1,realtime,worlds/l/car_launch.json,3
35.39795,0.92822266,0.93066406,1,bid,worlds/l/grasp_easy.json,3
147.06738,0.5288086,0.51171875,1,bid,worlds/l/catapult.json,3
51.54785,0.99365234,0.9946289,1,bid,worlds/l/cartpole_thrust.json,3
49.44873,0.98339844,0.94189453,1,bid,worlds/l/hard_lunar_lander.json,3
76.89795,0.9892578,0.859375,1,bid,worlds/l/mjc_half_cheetah.json,3
183.12158,0.97998047,0.87939453,1,bid,worlds/l/mjc_swimmer.json,3
189.14111,0.74365234,0.6538086,1,bid,worlds/l/mjc_walker.json,3
81.31738,0.9423828,0.9506836,1,bid,worlds/l/h17_unicycle.json,3
48.287598,0.9946289,0.9394531,1,bid,worlds/l/chain_lander.json,3
68.0918,0.8305664,0.86621094,1,bid,worlds/l/catcher_v3.json,3
173.25635,0.78515625,0.8227539,1,bid,worlds/l/trampoline.json,3
66.782715,0.89404297,0.87890625,1,bid,worlds/l/car_launch.json,3
34.260742,0.8828125,0.89160156,1,hard_masking,worlds/l/grasp_easy.json,3
150.61328,0.5131836,0.49414062,1,hard_masking,worlds/l/catapult.json,3
51.32959,0.9975586,0.9980469,1,hard_masking,worlds/l/cartpole_thrust.json,3
49.797363,0.9873047,0.9428711,1,hard_masking,worlds/l/hard_lunar_lander.json,3
76.86377,0.9873047,0.86376953,1,hard_masking,worlds/l/mjc_half_cheetah.json,3
185.82275,0.97216797,0.8745117,1,hard_masking,worlds/l/mjc_swimmer.json,3
189.74902,0.76708984,0.6791992,1,hard_masking,worlds/l/mjc_walker.json,3
80.933105,0.9121094,0.9213867,1,hard_masking,worlds/l/h17_unicycle.json,3
48.43213,0.99365234,0.94873047,1,hard_masking,worlds/l/chain_lander.json,3
68.293945,0.9033203,0.9213867,1,hard_masking,worlds/l/catcher_v3.json,3
172.33154,0.77490234,0.8125,1,hard_masking,worlds/l/trampoline.json,3
66.93506,0.89697266,0.8823242,1,hard_masking,worlds/l/car_launch.json,3
32.79541,0.55810547,0.6689453,1,naive,worlds/l/grasp_easy.json,4
164.61816,0.44628906,0.4267578,1,naive,worlds/l/catapult.json,4
52.00049,0.9926758,0.99365234,1,naive,worlds/l/cartpole_thrust.json,4
50.710938,0.97509766,0.9370117,1,naive,worlds/l/hard_lunar_lander.json,4
78.74902,0.9819336,0.8618164,1,naive,worlds/l/mjc_half_cheetah.json,4
206.97559,0.88183594,0.7866211,1,naive,worlds/l/mjc_swimmer.json,4
203.43896,0.60302734,0.55371094,1,naive,worlds/l/mjc_walker.json,4
84.6875,0.87646484,0.89746094,1,naive,worlds/l/h17_unicycle.json,4
48.38037,0.9941406,0.9433594,1,naive,worlds/l/chain_lander.json,4
68.191895,0.4970703,0.64501953,1,naive,worlds/l/catcher_v3.json,4
171.62305,0.8105469,0.84375,1,naive,worlds/l/trampoline.json,4
68.48486,0.8857422,0.87646484,1,naive,worlds/l/car_launch.json,4
35.11914,0.89697266,0.89697266,1,realtime,worlds/l/grasp_easy.json,4
147.67432,0.5263672,0.50927734,1,realtime,worlds/l/catapult.json,4
52.439453,0.9946289,0.99609375,1,realtime,worlds/l/cartpole_thrust.json,4
49.59424,0.9770508,0.9394531,1,realtime,worlds/l/hard_lunar_lander.json,4
78.336426,0.98535156,0.8623047,1,realtime,worlds/l/mjc_half_cheetah.json,4
194.47314,0.94677734,0.8540039,1,realtime,worlds/l/mjc_swimmer.json,4
200.20264,0.64990234,0.57373047,1,realtime,worlds/l/mjc_walker.json,4
81.166016,0.95654297,0.9628906,1,realtime,worlds/l/h17_unicycle.json,4
48.504883,0.99560547,0.9423828,1,realtime,worlds/l/chain_lander.json,4
68.54541,0.82373047,0.87109375,1,realtime,worlds/l/catcher_v3.json,4
171.82275,0.7919922,0.83691406,1,realtime,worlds/l/trampoline.json,4
60.975586,0.93115234,0.9169922,1,realtime,worlds/l/car_launch.json,4
35.683594,0.9223633,0.9243164,1,bid,worlds/l/grasp_easy.json,4
149.36572,0.51953125,0.5029297,1,bid,worlds/l/catapult.json,4
51.68506,0.98095703,0.98779297,1,bid,worlds/l/cartpole_thrust.json,4
49.70996,0.97753906,0.94140625,1,bid,worlds/l/hard_lunar_lander.json,4
77.44092,0.98291016,0.8647461,1,bid,worlds/l/mjc_half_cheetah.json,4
190.97656,0.95703125,0.85791016,1,bid,worlds/l/mjc_swimmer.json,4
199.3706,0.61376953,0.55859375,1,bid,worlds/l/mjc_walker.json,4
83.20557,0.9379883,0.93896484,1,bid,worlds/l/h17_unicycle.json,4
48.49121,0.9951172,0.9350586,1,bid,worlds/l/chain_lander.json,4
68.38965,0.78515625,0.84375,1,bid,worlds/l/catcher_v3.json,4
173.65234,0.77490234,0.8144531,1,bid,worlds/l/trampoline.json,4
65.569824,0.9033203,0.89404297,1,bid,worlds/l/car_launch.json,4
33.967773,0.8515625,0.8725586,1,hard_masking,worlds/l/grasp_easy.json,4
152.75928,0.5024414,0.48779297,1,hard_masking,worlds/l/catapult.json,4
51.129395,0.99658203,0.9975586,1,hard_masking,worlds/l/cartpole_thrust.json,4
49.83789,0.97753906,0.94189453,1,hard_masking,worlds/l/hard_lunar_lander.json,4
78.24658,0.98779297,0.8720703,1,hard_masking,worlds/l/mjc_half_cheetah.json,4
192.87988,0.9614258,0.85791016,1,hard_masking,worlds/l/mjc_swimmer.json,4
194.35547,0.6977539,0.6225586,1,hard_masking,worlds/l/mjc_walker.json,4
81.48877,0.9272461,0.93603516,1,hard_masking,worlds/l/h17_unicycle.json,4
48.54883,0.9970703,0.9482422,1,hard_masking,worlds/l/chain_lander.json,4
68.47363,0.87402344,0.9013672,1,hard_masking,worlds/l/catcher_v3.json,4
171.30762,0.8125,0.8491211,1,hard_masking,worlds/l/trampoline.json,4
62.824707,0.91796875,0.9013672,1,hard_masking,worlds/l/car_launch.json,4
32.711426,0.5439453,0.66845703,1,naive,worlds/l/grasp_easy.json,5
167.5708,0.4321289,0.41601562,1,naive,worlds/l/catapult.json,5
53.691406,0.9638672,0.9760742,1,naive,worlds/l/cartpole_thrust.json,5
50.52539,0.9638672,0.9301758,1,naive,worlds/l/hard_lunar_lander.json,5
80.148926,0.9794922,0.85009766,1,naive,worlds/l/mjc_half_cheetah.json,5
214.66602,0.81103516,0.7207031,1,naive,worlds/l/mjc_swimmer.json,5
209.73096,0.52685547,0.47753906,1,naive,worlds/l/mjc_walker.json,5
86.04346,0.63183594,0.72998047,1,naive,worlds/l/h17_unicycle.json,5
48.470703,0.9946289,0.9448242,1,naive,worlds/l/chain_lander.json,5
68.17334,0.4399414,0.6088867,1,naive,worlds/l/catcher_v3.json,5
172.3125,0.79833984,0.8354492,1,naive,worlds/l/trampoline.json,5
82.00342,0.7871094,0.79296875,1,naive,worlds/l/car_launch.json,5
35.041016,0.8803711,0.89501953,1,realtime,worlds/l/grasp_easy.json,5
146.0122,0.53466797,0.51904297,1,realtime,worlds/l/catapult.json,5
53.256348,0.9819336,0.9873047,1,realtime,worlds/l/cartpole_thrust.json,5
49.41504,0.97509766,0.9477539,1,realtime,worlds/l/hard_lunar_lander.json,5
78.64014,0.97753906,0.8666992,1,realtime,worlds/l/mjc_half_cheetah.json,5
202.72656,0.9135742,0.81396484,1,realtime,worlds/l/mjc_swimmer.json,5
204.97803,0.578125,0.5253906,1,realtime,worlds/l/mjc_walker.json,5
82.96826,0.9169922,0.92871094,1,realtime,worlds/l/h17_unicycle.json,5
48.473633,0.9951172,0.93896484,1,realtime,worlds/l/chain_lander.json,5
68.73486,0.7998047,0.8486328,1,realtime,worlds/l/catcher_v3.json,5
171.97266,0.7919922,0.8334961,1,realtime,worlds/l/trampoline.json,5
68.12842,0.8823242,0.87158203,1,realtime,worlds/l/car_launch.json,5
35.152832,0.91552734,0.9140625,1,bid,worlds/l/grasp_easy.json,5
148.44824,0.5229492,0.5083008,1,bid,worlds/l/catapult.json,5
53.188477,0.9633789,0.9741211,1,bid,worlds/l/cartpole_thrust.json,5
49.941406,0.96435547,0.9243164,1,bid,worlds/l/hard_lunar_lander.json,5
76.811035,0.9770508,0.8696289,1,bid,worlds/l/mjc_half_cheetah.json,5
201.15723,0.90771484,0.8120117,1,bid,worlds/l/mjc_swimmer.json,5
205.88525,0.5649414,0.5185547,1,bid,worlds/l/mjc_walker.json,5
83.68555,0.9111328,0.92529297,1,bid,worlds/l/h17_unicycle.json,5
48.595703,0.9892578,0.94140625,1,bid,worlds/l/chain_lander.json,5
68.46338,0.765625,0.82470703,1,bid,worlds/l/catcher_v3.json,5
171.76416,0.80126953,0.8388672,1,bid,worlds/l/trampoline.json,5
73.87305,0.8535156,0.8457031,1,bid,worlds/l/car_launch.json,5
34.14209,0.84277344,0.87109375,1,hard_masking,worlds/l/grasp_easy.json,5
149.95508,0.5161133,0.5004883,1,hard_masking,worlds/l/catapult.json,5
52.29248,0.9785156,0.984375,1,hard_masking,worlds/l/cartpole_thrust.json,5
49.694336,0.97753906,0.94189453,1,hard_masking,worlds/l/hard_lunar_lander.json,5
78.339355,0.97802734,0.86083984,1,hard_masking,worlds/l/mjc_half_cheetah.json,5
201.1792,0.9145508,0.8173828,1,hard_masking,worlds/l/mjc_swimmer.json,5
201.81934,0.64453125,0.5786133,1,hard_masking,worlds/l/mjc_walker.json,5
82.44092,0.88427734,0.90185547,1,hard_masking,worlds/l/h17_unicycle.json,5
48.623535,0.99316406,0.9453125,1,hard_masking,worlds/l/chain_lander.json,5
68.561035,0.8442383,0.8774414,1,hard_masking,worlds/l/catcher_v3.json,5
172.44531,0.79833984,0.8330078,1,hard_masking,worlds/l/trampoline.json,5
71.77344,0.8598633,0.8544922,1,hard_masking,worlds/l/car_launch.json,5
33.365234,0.5185547,0.6513672,1,naive,worlds/l/grasp_easy.json,6
159.69824,0.46923828,0.453125,1,naive,worlds/l/catapult.json,6
56.577637,0.9345703,0.9550781,1,naive,worlds/l/cartpole_thrust.json,6
50.91992,0.9604492,0.9248047,1,naive,worlds/l/hard_lunar_lander.json,6
80.48486,0.9785156,0.8642578,1,naive,worlds/l/mjc_half_cheetah.json,6
219.2002,0.7651367,0.6826172,1,naive,worlds/l/mjc_swimmer.json,6
215.94678,0.4482422,0.41308594,1,naive,worlds/l/mjc_walker.json,6
86.27734,0.8154297,0.85546875,1,naive,worlds/l/h17_unicycle.json,6
48.703613,0.99560547,0.94873047,1,naive,worlds/l/chain_lander.json,6
67.94385,0.35888672,0.5644531,1,naive,worlds/l/catcher_v3.json,6
172.6377,0.7705078,0.81933594,1,naive,worlds/l/trampoline.json,6
70.72412,0.8535156,0.8574219,1,naive,worlds/l/car_launch.json,6
34.10498,0.85253906,0.87109375,1,realtime,worlds/l/grasp_easy.json,6
147.2876,0.5288086,0.51171875,1,realtime,worlds/l/catapult.json,6
53.776855,0.96533203,0.9765625,1,realtime,worlds/l/cartpole_thrust.json,6
50.120605,0.9682617,0.9375,1,realtime,worlds/l/hard_lunar_lander.json,6
77.916016,0.9790039,0.8535156,1,realtime,worlds/l/mjc_half_cheetah.json,6
208.34521,0.8696289,0.78125,1,realtime,worlds/l/mjc_swimmer.json,6
208.78516,0.51953125,0.47265625,1,realtime,worlds/l/mjc_walker.json,6
84.19092,0.8935547,0.9003906,1,realtime,worlds/l/h17_unicycle.json,6
48.677734,0.99365234,0.94873047,1,realtime,worlds/l/chain_lander.json,6
68.50928,0.79345703,0.84716797,1,realtime,worlds/l/catcher_v3.json,6
171.46777,0.765625,0.81933594,1,realtime,worlds/l/trampoline.json,6
67.74756,0.88378906,0.8798828,1,realtime,worlds/l/car_launch.json,6
35.645508,0.9111328,0.91552734,1,bid,worlds/l/grasp_easy.json,6
144.09326,0.5444336,0.5229492,1,bid,worlds/l/catapult.json,6
54.67871,0.95214844,0.9658203,1,bid,worlds/l/cartpole_thrust.json,6
50.055176,0.9604492,0.93359375,1,bid,worlds/l/hard_lunar_lander.json,6
79.06592,0.9746094,0.8598633,1,bid,worlds/l/mjc_half_cheetah.json,6
206.93115,0.8774414,0.7939453,1,bid,worlds/l/mjc_swimmer.json,6
210.66895,0.51171875,0.46289062,1,bid,worlds/l/mjc_walker.json,6
83.59277,0.9169922,0.92285156,1,bid,worlds/l/h17_unicycle.json,6
49.112305,0.99072266,0.9448242,1,bid,worlds/l/chain_lander.json,6
68.39795,0.73291016,0.80029297,1,bid,worlds/l/catcher_v3.json,6
172.31201,0.7919922,0.8286133,1,bid,worlds/l/trampoline.json,6
71.01123,0.85839844,0.859375,1,bid,worlds/l/car_launch.json,6
34.53711,0.8461914,0.8652344,1,hard_masking,worlds/l/grasp_easy.json,6
147.02588,0.52978516,0.5078125,1,hard_masking,worlds/l/catapult.json,6
53.313965,0.9658203,0.97802734,1,hard_masking,worlds/l/cartpole_thrust.json,6
50.316895,0.9716797,0.93066406,1,hard_masking,worlds/l/hard_lunar_lander.json,6
78.03076,0.97558594,0.859375,1,hard_masking,worlds/l/mjc_half_cheetah.json,6
209.32178,0.86083984,0.7636719,1,hard_masking,worlds/l/mjc_swimmer.json,6
206.10889,0.56591797,0.50683594,1,hard_masking,worlds/l/mjc_walker.json,6
83.4458,0.8769531,0.89697266,1,hard_masking,worlds/l/h17_unicycle.json,6
48.594727,0.99316406,0.94628906,1,hard_masking,worlds/l/chain_lander.json,6
68.51221,0.7973633,0.8510742,1,hard_masking,worlds/l/catcher_v3.json,6
171.49463,0.79345703,0.83203125,1,hard_masking,worlds/l/trampoline.json,6
66.009766,0.8989258,0.8881836,1,hard_masking,worlds/l/car_launch.json,6
32.51465,0.52783203,0.6508789,1,naive,worlds/l/grasp_easy.json,7
168.84668,0.42626953,0.40966797,1,naive,worlds/l/catapult.json,7
57.253418,0.8930664,0.9267578,1,naive,worlds/l/cartpole_thrust.json,7
51.73291,0.9482422,0.91552734,1,naive,worlds/l/hard_lunar_lander.json,7
80.35791,0.97802734,0.86083984,1,naive,worlds/l/mjc_half_cheetah.json,7
224.26074,0.6899414,0.62109375,1,naive,worlds/l/mjc_swimmer.json,7
227.68164,0.29785156,0.27783203,1,naive,worlds/l/mjc_walker.json,7
88.018555,0.86083984,0.8828125,1,naive,worlds/l/h17_unicycle.json,7
48.885742,0.99316406,0.93652344,1,naive,worlds/l/chain_lander.json,7
67.63867,0.3227539,0.53564453,1,naive,worlds/l/catcher_v3.json,7
171.86475,0.78271484,0.82714844,1,naive,worlds/l/trampoline.json,7
80.6333,0.7011719,0.7426758,1,naive,worlds/l/car_launch.json,7
33.88623,0.8388672,0.85498047,1,realtime,worlds/l/grasp_easy.json,7
158.47266,0.47509766,0.46044922,1,realtime,worlds/l/catapult.json,7
53.693848,0.95703125,0.9707031,1,realtime,worlds/l/cartpole_thrust.json,7
50.269043,0.9638672,0.9355469,1,realtime,worlds/l/hard_lunar_lander.json,7
80.7124,0.97998047,0.86083984,1,realtime,worlds/l/mjc_half_cheetah.json,7
216.52734,0.79785156,0.7011719,1,realtime,worlds/l/mjc_swimmer.json,7
217.16504,0.44873047,0.40527344,1,realtime,worlds/l/mjc_walker.json,7
83.3833,0.90966797,0.9189453,1,realtime,worlds/l/h17_unicycle.json,7
48.905273,0.99365234,0.9394531,1,realtime,worlds/l/chain_lander.json,7
68.26709,0.7636719,0.8261719,1,realtime,worlds/l/catcher_v3.json,7
172.34766,0.78759766,0.82910156,1,realtime,worlds/l/trampoline.json,7
73.862305,0.81396484,0.8222656,1,realtime,worlds/l/car_launch.json,7
36.01709,0.92089844,0.9091797,1,bid,worlds/l/grasp_easy.json,7
154.46045,0.4951172,0.48291016,1,bid,worlds/l/catapult.json,7
55.262207,0.90234375,0.93652344,1,bid,worlds/l/cartpole_thrust.json,7
50.538086,0.95214844,0.92529297,1,bid,worlds/l/hard_lunar_lander.json,7
80.19238,0.97216797,0.85498047,1,bid,worlds/l/mjc_half_cheetah.json,7
214.77686,0.8178711,0.72216797,1,bid,worlds/l/mjc_swimmer.json,7
217.82812,0.42089844,0.3881836,1,bid,worlds/l/mjc_walker.json,7
83.84766,0.89990234,0.9067383,1,bid,worlds/l/h17_unicycle.json,7
48.8833,0.9902344,0.93896484,1,bid,worlds/l/chain_lander.json,7
68.50195,0.70214844,0.7841797,1,bid,worlds/l/catcher_v3.json,7
172.5122,0.7939453,0.828125,1,bid,worlds/l/trampoline.json,7
76.02002,0.7739258,0.80126953,1,bid,worlds/l/car_launch.json,7
33.7583,0.84033203,0.8544922,1,hard_masking,worlds/l/grasp_easy.json,7
158.47314,0.47509766,0.46044922,1,hard_masking,worlds/l/catapult.json,7
53.693848,0.95703125,0.9707031,1,hard_masking,worlds/l/cartpole_thrust.json,7
50.269043,0.9638672,0.9355469,1,hard_masking,worlds/l/hard_lunar_lander.json,7
80.67578,0.9770508,0.8623047,1,hard_masking,worlds/l/mjc_half_cheetah.json,7
216.52734,0.79785156,0.7011719,1,hard_masking,worlds/l/mjc_swimmer.json,7
217.34863,0.4506836,0.40673828,1,hard_masking,worlds/l/mjc_walker.json,7
83.3833,0.90966797,0.9189453,1,hard_masking,worlds/l/h17_unicycle.json,7
48.905273,0.99365234,0.9394531,1,hard_masking,worlds/l/chain_lander.json,7
68.26123,0.7626953,0.8261719,1,hard_masking,worlds/l/catcher_v3.json,7
172.34766,0.7890625,0.82910156,1,hard_masking,worlds/l/trampoline.json,7
73.498535,0.8149414,0.82373047,1,hard_masking,worlds/l/car_launch.json,7
33.955566,0.5048828,0.6333008,2,naive,worlds/l/grasp_easy.json,2
196.19824,0.2939453,0.2783203,2,naive,worlds/l/catapult.json,2
52.979492,0.98291016,0.9873047,2,naive,worlds/l/cartpole_thrust.json,2
51.65869,0.96484375,0.9379883,2,naive,worlds/l/hard_lunar_lander.json,2
83.36621,0.9790039,0.85302734,2,naive,worlds/l/mjc_half_cheetah.json,2
222.93945,0.7324219,0.65234375,2,naive,worlds/l/mjc_swimmer.json,2
210.19238,0.45361328,0.42578125,2,naive,worlds/l/mjc_walker.json,2
85.095215,0.61083984,0.7207031,2,naive,worlds/l/h17_unicycle.json,2
48.453613,0.9926758,0.93847656,2,naive,worlds/l/chain_lander.json,2
67.85986,0.31152344,0.52685547,2,naive,worlds/l/catcher_v3.json,2
172.96484,0.7006836,0.77441406,2,naive,worlds/l/trampoline.json,2
85.981445,0.77978516,0.77490234,2,naive,worlds/l/car_launch.json,2
36.081055,0.92041016,0.91845703,2,realtime,worlds/l/grasp_easy.json,2
145.12744,0.5390625,0.5209961,2,realtime,worlds/l/catapult.json,2
54.145508,0.9951172,0.99658203,2,realtime,worlds/l/cartpole_thrust.json,2
49.414062,0.97314453,0.9272461,2,realtime,worlds/l/hard_lunar_lander.json,2
77.38281,0.98046875,0.8613281,2,realtime,worlds/l/mjc_half_cheetah.json,2
194.0498,0.95410156,0.8647461,2,realtime,worlds/l/mjc_swimmer.json,2
191.27148,0.7050781,0.6357422,2,realtime,worlds/l/mjc_walker.json,2
82.53906,0.9536133,0.9555664,2,realtime,worlds/l/h17_unicycle.json,2
48.520508,0.99609375,0.9423828,2,realtime,worlds/l/chain_lander.json,2
68.59668,0.6923828,0.7836914,2,realtime,worlds/l/catcher_v3.json,2
172.4961,0.7836914,0.83154297,2,realtime,worlds/l/trampoline.json,2
64.99365,0.8979492,0.88964844,2,realtime,worlds/l/car_launch.json,2
35.341797,0.8935547,0.89697266,2,bid,worlds/l/grasp_easy.json,2
164.6128,0.4453125,0.43164062,2,bid,worlds/l/catapult.json,2
53.237793,0.98583984,0.9902344,2,bid,worlds/l/cartpole_thrust.json,2
49.700195,0.96875,0.9326172,2,bid,worlds/l/hard_lunar_lander.json,2
75.76367,0.98828125,0.8720703,2,bid,worlds/l/mjc_half_cheetah.json,2
200.32812,0.9145508,0.83496094,2,bid,worlds/l/mjc_swimmer.json,2
194.08887,0.66259766,0.6074219,2,bid,worlds/l/mjc_walker.json,2
85.70508,0.87841797,0.9067383,2,bid,worlds/l/h17_unicycle.json,2
48.280273,0.9921875,0.94384766,2,bid,worlds/l/chain_lander.json,2
67.90137,0.55029297,0.68310547,2,bid,worlds/l/catcher_v3.json,2
173.97754,0.76464844,0.81591797,2,bid,worlds/l/trampoline.json,2
74.62158,0.8457031,0.8417969,2,bid,worlds/l/car_launch.json,2
36.327637,0.8696289,0.8779297,2,hard_masking,worlds/l/grasp_easy.json,2
168.30762,0.42822266,0.4165039,2,hard_masking,worlds/l/catapult.json,2
51.745605,0.984375,0.9892578,2,hard_masking,worlds/l/cartpole_thrust.json,2
49.88965,0.96728516,0.92333984,2,hard_masking,worlds/l/hard_lunar_lander.json,2
78.569824,0.98291016,0.8520508,2,hard_masking,worlds/l/mjc_half_cheetah.json,2
201.92822,0.91552734,0.8198242,2,hard_masking,worlds/l/mjc_swimmer.json,2
198.11084,0.65722656,0.59375,2,hard_masking,worlds/l/mjc_walker.json,2
83.90332,0.86279297,0.8881836,2,hard_masking,worlds/l/h17_unicycle.json,2
48.323242,0.99560547,0.9472656,2,hard_masking,worlds/l/chain_lander.json,2
68.42969,0.70654297,0.7885742,2,hard_masking,worlds/l/catcher_v3.json,2
173.00684,0.7832031,0.82128906,2,hard_masking,worlds/l/trampoline.json,2
74.473145,0.8623047,0.8515625,2,hard_masking,worlds/l/car_launch.json,2
35.714844,0.59277344,0.6923828,2,naive,worlds/l/grasp_easy.json,3
168.56543,0.42822266,0.41259766,2,naive,worlds/l/catapult.json,3
55.174805,0.9501953,0.9663086,2,naive,worlds/l/cartpole_thrust.json,3
52.52246,0.9448242,0.91845703,2,naive,worlds/l/hard_lunar_lander.json,3
84.82471,0.96533203,0.8432617,2,naive,worlds/l/mjc_half_cheetah.json,3
228.30713,0.64208984,0.578125,2,naive,worlds/l/mjc_swimmer.json,3
218.95947,0.28320312,0.27978516,2,naive,worlds/l/mjc_walker.json,3
90.98291,0.8144531,0.8461914,2,naive,worlds/l/h17_unicycle.json,3
48.737305,0.9921875,0.94140625,2,naive,worlds/l/chain_lander.json,3
67.84619,0.2548828,0.4794922,2,naive,worlds/l/catcher_v3.json,3
172.2251,0.6875,0.7651367,2,naive,worlds/l/trampoline.json,3
77.08594,0.8276367,0.8286133,2,naive,worlds/l/car_launch.json,3
37.15576,0.9067383,0.90283203,2,realtime,worlds/l/grasp_easy.json,3
147.59668,0.52734375,0.5126953,2,realtime,worlds/l/catapult.json,3
54.006836,0.97753906,0.9838867,2,realtime,worlds/l/cartpole_thrust.json,3
50.03662,0.9604492,0.9277344,2,realtime,worlds/l/hard_lunar_lander.json,3
79.90039,0.9794922,0.8691406,2,realtime,worlds/l/mjc_half_cheetah.json,3
208.1836,0.8569336,0.7607422,2,realtime,worlds/l/mjc_swimmer.json,3
203.78564,0.5830078,0.5371094,2,realtime,worlds/l/mjc_walker.json,3
86.73779,0.9111328,0.9160156,2,realtime,worlds/l/h17_unicycle.json,3
49.197266,0.99121094,0.9526367,2,realtime,worlds/l/chain_lander.json,3
68.61719,0.6323242,0.7446289,2,realtime,worlds/l/catcher_v3.json,3
172.74658,0.7548828,0.8076172,2,realtime,worlds/l/trampoline.json,3
64.535645,0.90234375,0.88378906,2,realtime,worlds/l/car_launch.json,3
36.783203,0.8671875,0.87939453,2,bid,worlds/l/grasp_easy.json,3
156.76416,0.48339844,0.46679688,2,bid,worlds/l/catapult.json,3
54.780273,0.9501953,0.9658203,2,bid,worlds/l/cartpole_thrust.json,3
50.091797,0.9633789,0.9277344,2,bid,worlds/l/hard_lunar_lander.json,3
78.958496,0.9760742,0.8564453,2,bid,worlds/l/mjc_half_cheetah.json,3
210.03955,0.84765625,0.7475586,2,bid,worlds/l/mjc_swimmer.json,3
201.14453,0.5732422,0.52734375,2,bid,worlds/l/mjc_walker.json,3
87.75879,0.859375,0.8823242,2,bid,worlds/l/h17_unicycle.json,3
48.561035,0.9941406,0.9482422,2,bid,worlds/l/chain_lander.json,3
67.91846,0.4350586,0.6064453,2,bid,worlds/l/catcher_v3.json,3
174.6792,0.77197266,0.81347656,2,bid,worlds/l/trampoline.json,3
71.00586,0.86376953,0.8574219,2,bid,worlds/l/car_launch.json,3
36.211914,0.8725586,0.8828125,2,hard_masking,worlds/l/grasp_easy.json,3
154.89648,0.49267578,0.4736328,2,hard_masking,worlds/l/catapult.json,3
51.944336,0.9746094,0.98291016,2,hard_masking,worlds/l/cartpole_thrust.json,3
50.197266,0.96533203,0.9326172,2,hard_masking,worlds/l/hard_lunar_lander.json,3
79.46924,0.9794922,0.8613281,2,hard_masking,worlds/l/mjc_half_cheetah.json,3
209.45215,0.8540039,0.7597656,2,hard_masking,worlds/l/mjc_swimmer.json,3
201.03271,0.62597656,0.5566406,2,hard_masking,worlds/l/mjc_walker.json,3
85.97363,0.85546875,0.8774414,2,hard_masking,worlds/l/h17_unicycle.json,3
48.654785,0.99609375,0.9550781,2,hard_masking,worlds/l/chain_lander.json,3
68.56152,0.6689453,0.76123047,2,hard_masking,worlds/l/catcher_v3.json,3
172.17236,0.77685547,0.82177734,2,hard_masking,worlds/l/trampoline.json,3
70.22754,0.8808594,0.86865234,2,hard_masking,worlds/l/car_launch.json,3
34.561035,0.5942383,0.68896484,2,naive,worlds/l/grasp_easy.json,4
172.54883,0.4086914,0.3881836,2,naive,worlds/l/catapult.json,4
60.713867,0.8041992,0.8676758,2,naive,worlds/l/cartpole_thrust.json,4
52.73877,0.93310547,0.91503906,2,naive,worlds/l/hard_lunar_lander.json,4
85.98584,0.9550781,0.8461914,2,naive,worlds/l/mjc_half_cheetah.json,4
231.8711,0.58203125,0.52246094,2,naive,worlds/l/mjc_swimmer.json,4
223.08984,0.23876953,0.24169922,2,naive,worlds/l/mjc_walker.json,4
91.36133,0.6621094,0.74902344,2,naive,worlds/l/h17_unicycle.json,4
49.32373,0.9916992,0.9375,2,naive,worlds/l/chain_lander.json,4
67.72412,0.1928711,0.44677734,2,naive,worlds/l/catcher_v3.json,4
172.05615,0.80371094,0.83935547,2,naive,worlds/l/trampoline.json,4
73.404785,0.8364258,0.85009766,2,naive,worlds/l/car_launch.json,4
37.152832,0.8930664,0.89941406,2,realtime,worlds/l/grasp_easy.json,4
157.28174,0.48095703,0.46875,2,realtime,worlds/l/catapult.json,4
56.171875,0.91796875,0.94384766,2,realtime,worlds/l/cartpole_thrust.json,4
49.84961,0.9604492,0.92871094,2,realtime,worlds/l/hard_lunar_lander.json,4
79.90869,0.97753906,0.859375,2,realtime,worlds/l/mjc_half_cheetah.json,4
216.53027,0.79589844,0.70703125,2,realtime,worlds/l/mjc_swimmer.json,4
211.4541,0.49658203,0.4501953,2,realtime,worlds/l/mjc_walker.json,4
88.43457,0.8520508,0.87646484,2,realtime,worlds/l/h17_unicycle.json,4
49.085938,0.99365234,0.9477539,2,realtime,worlds/l/chain_lander.json,4
68.54199,0.60498047,0.72216797,2,realtime,worlds/l/catcher_v3.json,4
171.79932,0.7910156,0.8378906,2,realtime,worlds/l/trampoline.json,4
68.73535,0.87158203,0.8696289,2,realtime,worlds/l/car_launch.json,4
36.0542,0.8769531,0.8808594,2,bid,worlds/l/grasp_easy.json,4
162.31104,0.45654297,0.44140625,2,bid,worlds/l/catapult.json,4
59.25244,0.8330078,0.8881836,2,bid,worlds/l/cartpole_thrust.json,4
50.6333,0.9511719,0.92529297,2,bid,worlds/l/hard_lunar_lander.json,4
80.524414,0.97558594,0.85058594,2,bid,worlds/l/mjc_half_cheetah.json,4
218.30225,0.7788086,0.69140625,2,bid,worlds/l/mjc_swimmer.json,4
212.55371,0.43359375,0.40820312,2,bid,worlds/l/mjc_walker.json,4
90.23877,0.8359375,0.86035156,2,bid,worlds/l/h17_unicycle.json,4
49.696777,0.98583984,0.9394531,2,bid,worlds/l/chain_lander.json,4
67.853516,0.36523438,0.55859375,2,bid,worlds/l/catcher_v3.json,4
173.1206,0.77978516,0.81640625,2,bid,worlds/l/trampoline.json,4
70.4375,0.8652344,0.8623047,2,bid,worlds/l/car_launch.json,4
36.6875,0.86816406,0.87597656,2,hard_masking,worlds/l/grasp_easy.json,4
161.07812,0.46191406,0.4506836,2,hard_masking,worlds/l/catapult.json,4
54.20117,0.9248047,0.94921875,2,hard_masking,worlds/l/cartpole_thrust.json,4
50.019043,0.9633789,0.93310547,2,hard_masking,worlds/l/hard_lunar_lander.json,4
80.16797,0.9667969,0.859375,2,hard_masking,worlds/l/mjc_half_cheetah.json,4
216.63135,0.7885742,0.7109375,2,hard_masking,worlds/l/mjc_swimmer.json,4
206.15234,0.5576172,0.5131836,2,hard_masking,worlds/l/mjc_walker.json,4
89.21582,0.8286133,0.85791016,2,hard_masking,worlds/l/h17_unicycle.json,4
48.98535,0.99560547,0.9506836,2,hard_masking,worlds/l/chain_lander.json,4
68.27734,0.60498047,0.7192383,2,hard_masking,worlds/l/catcher_v3.json,4
171.76904,0.80566406,0.83935547,2,hard_masking,worlds/l/trampoline.json,4
69.49365,0.8691406,0.8642578,2,hard_masking,worlds/l/car_launch.json,4
32.8584,0.5878906,0.69677734,2,naive,worlds/l/grasp_easy.json,5
163.32861,0.45263672,0.4375,2,naive,worlds/l/catapult.json,5
61.878418,0.58203125,0.7182617,2,naive,worlds/l/cartpole_thrust.json,5
52.578613,0.8881836,0.8857422,2,naive,worlds/l/hard_lunar_lander.json,5
84.91699,0.9638672,0.84765625,2,naive,worlds/l/mjc_half_cheetah.json,5
234.32666,0.55322266,0.4873047,2,naive,worlds/l/mjc_swimmer.json,5
226.44629,0.20214844,0.20947266,2,naive,worlds/l/mjc_walker.json,5
92.39795,0.7895508,0.82910156,2,naive,worlds/l/h17_unicycle.json,5
49.624023,0.9941406,0.9423828,2,naive,worlds/l/chain_lander.json,5
67.62988,0.16748047,0.42285156,2,naive,worlds/l/catcher_v3.json,5
172.88281,0.796875,0.83154297,2,naive,worlds/l/trampoline.json,5
79.44971,0.7553711,0.78027344,2,naive,worlds/l/car_launch.json,5
35.882812,0.8691406,0.8808594,2,realtime,worlds/l/grasp_easy.json,5
157.99756,0.47705078,0.4638672,2,realtime,worlds/l/catapult.json,5
56.80713,0.82958984,0.88378906,2,realtime,worlds/l/cartpole_thrust.json,5
50.03076,0.9423828,0.91503906,2,realtime,worlds/l/hard_lunar_lander.json,5
81.22266,0.9682617,0.85839844,2,realtime,worlds/l/mjc_half_cheetah.json,5
221.40723,0.74609375,0.6591797,2,realtime,worlds/l/mjc_swimmer.json,5
213.63525,0.40625,0.39941406,2,realtime,worlds/l/mjc_walker.json,5
88.879395,0.8276367,0.8540039,2,realtime,worlds/l/h17_unicycle.json,5
49.44043,0.99121094,0.9375,2,realtime,worlds/l/chain_lander.json,5
68.50293,0.5527344,0.6870117,2,realtime,worlds/l/catcher_v3.json,5
172.50342,0.7817383,0.83203125,2,realtime,worlds/l/trampoline.json,5
76.76758,0.8178711,0.8208008,2,realtime,worlds/l/car_launch.json,5
35.52588,0.86816406,0.8720703,2,bid,worlds/l/grasp_easy.json,5
161.26514,0.46240234,0.44726562,2,bid,worlds/l/catapult.json,5
61.555176,0.60302734,0.72558594,2,bid,worlds/l/cartpole_thrust.json,5
51.53418,0.9008789,0.88671875,2,bid,worlds/l/hard_lunar_lander.json,5
81.02783,0.9746094,0.8720703,2,bid,worlds/l/mjc_half_cheetah.json,5
223.17334,0.7207031,0.640625,2,bid,worlds/l/mjc_swimmer.json,5
217.61914,0.38183594,0.3569336,2,bid,worlds/l/mjc_walker.json,5
93.0625,0.77783203,0.8178711,2,bid,worlds/l/h17_unicycle.json,5
49.398926,0.9926758,0.9550781,2,bid,worlds/l/chain_lander.json,5
68.08154,0.34960938,0.5522461,2,bid,worlds/l/catcher_v3.json,5
171.95508,0.7998047,0.8364258,2,bid,worlds/l/trampoline.json,5
76.63086,0.79785156,0.81103516,2,bid,worlds/l/car_launch.json,5
35.385742,0.8647461,0.8852539,2,hard_masking,worlds/l/grasp_easy.json,5
160.89355,0.46289062,0.44970703,2,hard_masking,worlds/l/catapult.json,5
56.211914,0.84765625,0.8979492,2,hard_masking,worlds/l/cartpole_thrust.json,5
50.2041,0.9477539,0.92529297,2,hard_masking,worlds/l/hard_lunar_lander.json,5
81.103516,0.9658203,0.8461914,2,hard_masking,worlds/l/mjc_half_cheetah.json,5
222.38672,0.72509766,0.64501953,2,hard_masking,worlds/l/mjc_swimmer.json,5
209.03955,0.50683594,0.45361328,2,hard_masking,worlds/l/mjc_walker.json,5
90.399414,0.8276367,0.84814453,2,hard_masking,worlds/l/h17_unicycle.json,5
49.503906,0.9897461,0.9428711,2,hard_masking,worlds/l/chain_lander.json,5
68.416016,0.5732422,0.7006836,2,hard_masking,worlds/l/catcher_v3.json,5
172.74707,0.8017578,0.8359375,2,hard_masking,worlds/l/trampoline.json,5
76.828125,0.80810547,0.81689453,2,hard_masking,worlds/l/car_launch.json,5
35.155273,0.5463867,0.66308594,2,naive,worlds/l/grasp_easy.json,6
171.16064,0.41455078,0.39892578,2,naive,worlds/l/catapult.json,6
59.13037,0.42333984,0.61083984,2,naive,worlds/l/cartpole_thrust.json,6
54.291992,0.7739258,0.8095703,2,naive,worlds/l/hard_lunar_lander.json,6
84.697754,0.95947266,0.83984375,2,naive,worlds/l/mjc_half_cheetah.json,6
238.13672,0.47705078,0.41455078,2,naive,worlds/l/mjc_swimmer.json,6
230.01807,0.125,0.14501953,2,naive,worlds/l/mjc_walker.json,6
94.13672,0.765625,0.80615234,2,naive,worlds/l/h17_unicycle.json,6
50.376465,0.9863281,0.94189453,2,naive,worlds/l/chain_lander.json,6
67.393555,0.099609375,0.38330078,2,naive,worlds/l/catcher_v3.json,6
171.27637,0.7949219,0.8359375,2,naive,worlds/l/trampoline.json,6
75.52734,0.7441406,0.78466797,2,naive,worlds/l/car_launch.json,6
37.10742,0.86376953,0.8823242,2,realtime,worlds/l/grasp_easy.json,6
158.53076,0.47509766,0.46191406,2,realtime,worlds/l/catapult.json,6
57.316406,0.7128906,0.8071289,2,realtime,worlds/l/cartpole_thrust.json,6
50.72119,0.91503906,0.89453125,2,realtime,worlds/l/hard_lunar_lander.json,6
81.99756,0.9711914,0.8598633,2,realtime,worlds/l/mjc_half_cheetah.json,6
226.46436,0.6694336,0.59472656,2,realtime,worlds/l/mjc_swimmer.json,6
218.8833,0.3696289,0.3515625,2,realtime,worlds/l/mjc_walker.json,6
91.31543,0.80126953,0.83203125,2,realtime,worlds/l/h17_unicycle.json,6
49.922363,0.99072266,0.94091797,2,realtime,worlds/l/chain_lander.json,6
68.37549,0.50634766,0.6455078,2,realtime,worlds/l/catcher_v3.json,6
171.29932,0.7944336,0.8354492,2,realtime,worlds/l/trampoline.json,6
70.61279,0.82666016,0.84375,2,realtime,worlds/l/car_launch.json,6
36.48828,0.8745117,0.88427734,2,bid,worlds/l/grasp_easy.json,6
160.04541,0.46777344,0.45458984,2,bid,worlds/l/catapult.json,6
58.734375,0.4951172,0.65771484,2,bid,worlds/l/cartpole_thrust.json,6
52.6167,0.8066406,0.8334961,2,bid,worlds/l/hard_lunar_lander.json,6
81.67529,0.96728516,0.84472656,2,bid,worlds/l/mjc_half_cheetah.json,6
230.06445,0.5957031,0.5341797,2,bid,worlds/l/mjc_swimmer.json,6
224.76709,0.29638672,0.27978516,2,bid,worlds/l/mjc_walker.json,6
95.40625,0.77685547,0.8129883,2,bid,worlds/l/h17_unicycle.json,6
50.413574,0.99121094,0.94384766,2,bid,worlds/l/chain_lander.json,6
67.77344,0.28320312,0.50097656,2,bid,worlds/l/catcher_v3.json,6
173.04199,0.7871094,0.82177734,2,bid,worlds/l/trampoline.json,6
73.27832,0.80322266,0.8208008,2,bid,worlds/l/car_launch.json,6
36.993164,0.86083984,0.8798828,2,hard_masking,worlds/l/grasp_easy.json,6
158.61523,0.47460938,0.46142578,2,hard_masking,worlds/l/catapult.json,6
57.316406,0.7128906,0.8071289,2,hard_masking,worlds/l/cartpole_thrust.json,6
50.72119,0.91503906,0.89453125,2,hard_masking,worlds/l/hard_lunar_lander.json,6
82.095215,0.96875,0.85546875,2,hard_masking,worlds/l/mjc_half_cheetah.json,6
226.46436,0.6694336,0.59472656,2,hard_masking,worlds/l/mjc_swimmer.json,6
217.85352,0.37402344,0.35351562,2,hard_masking,worlds/l/mjc_walker.json,6
91.31543,0.80126953,0.83203125,2,hard_masking,worlds/l/h17_unicycle.json,6
49.922363,0.99072266,0.94091797,2,hard_masking,worlds/l/chain_lander.json,6
68.39551,0.50634766,0.6435547,2,hard_masking,worlds/l/catcher_v3.json,6
171.29932,0.7944336,0.8354492,2,hard_masking,worlds/l/trampoline.json,6
70.5083,0.82421875,0.8417969,2,hard_masking,worlds/l/car_launch.json,6
34.654297,0.49414062,0.6176758,3,naive,worlds/l/grasp_easy.json,3
181.09033,0.36816406,0.35107422,3,naive,worlds/l/catapult.json,3
61.089355,0.51708984,0.6689453,3,naive,worlds/l/cartpole_thrust.json,3
53.94873,0.87060547,0.87353516,3,naive,worlds/l/hard_lunar_lander.json,3
98.70215,0.90722656,0.79248047,3,naive,worlds/l/mjc_half_cheetah.json,3
245.15039,0.31103516,0.28027344,3,naive,worlds/l/mjc_swimmer.json,3
223.92822,0.06933594,0.11621094,3,naive,worlds/l/mjc_walker.json,3
93.87988,0.50390625,0.6401367,3,naive,worlds/l/h17_unicycle.json,3
49.15088,0.9946289,0.95214844,3,naive,worlds/l/chain_lander.json,3
67.35742,-0.033691406,0.3071289,3,naive,worlds/l/catcher_v3.json,3
178.77197,0.6191406,0.69873047,3,naive,worlds/l/trampoline.json,3
74.59619,0.60498047,0.71240234,3,naive,worlds/l/car_launch.json,3
38.4834,0.8720703,0.8876953,3,realtime,worlds/l/grasp_easy.json,3
150.97119,0.51123047,0.49316406,3,realtime,worlds/l/catapult.json,3
59.78174,0.70458984,0.7993164,3,realtime,worlds/l/cartpole_thrust.json,3
50.938965,0.92578125,0.9057617,3,realtime,worlds/l/hard_lunar_lander.json,3
83.50342,0.9716797,0.8413086,3,realtime,worlds/l/mjc_half_cheetah.json,3
225.94531,0.67871094,0.61279297,3,realtime,worlds/l/mjc_swimmer.json,3
209.08203,0.44921875,0.42871094,3,realtime,worlds/l/mjc_walker.json,3
94.520996,0.796875,0.8222656,3,realtime,worlds/l/h17_unicycle.json,3
49.34375,0.99072266,0.9428711,3,realtime,worlds/l/chain_lander.json,3
68.35449,0.4091797,0.5864258,3,realtime,worlds/l/catcher_v3.json,3
173.17627,0.7426758,0.79541016,3,realtime,worlds/l/trampoline.json,3
73.42969,0.8144531,0.8310547,3,realtime,worlds/l/car_launch.json,3
35.92871,0.81152344,0.8388672,3,bid,worlds/l/grasp_easy.json,3
166.64893,0.43603516,0.421875,3,bid,worlds/l/catapult.json,3
60.11133,0.546875,0.68847656,3,bid,worlds/l/cartpole_thrust.json,3
52.010742,0.87646484,0.87353516,3,bid,worlds/l/hard_lunar_lander.json,3
81.78174,0.9614258,0.8442383,3,bid,worlds/l/mjc_half_cheetah.json,3
233.84717,0.5522461,0.4946289,3,bid,worlds/l/mjc_swimmer.json,3
214.89648,0.35986328,0.3466797,3,bid,worlds/l/mjc_walker.json,3
98.240234,0.69091797,0.75097656,3,bid,worlds/l/h17_unicycle.json,3
49.17041,0.9951172,0.9501953,3,bid,worlds/l/chain_lander.json,3
67.57031,0.09814453,0.3935547,3,bid,worlds/l/catcher_v3.json,3
175.30615,0.7392578,0.7871094,3,bid,worlds/l/trampoline.json,3
76.356445,0.72802734,0.7788086,3,bid,worlds/l/car_launch.json,3
37.884277,0.83203125,0.86035156,3,hard_masking,worlds/l/grasp_easy.json,3
165.42139,0.44189453,0.4248047,3,hard_masking,worlds/l/catapult.json,3
56.86328,0.7871094,0.8588867,3,hard_masking,worlds/l/cartpole_thrust.json,3
50.581055,0.9316406,0.91796875,3,hard_masking,worlds/l/hard_lunar_lander.json,3
84.06885,0.95410156,0.8417969,3,hard_masking,worlds/l/mjc_half_cheetah.json,3
230.21875,0.5932617,0.52197266,3,hard_masking,worlds/l/mjc_swimmer.json,3
206.78516,0.5024414,0.46679688,3,hard_masking,worlds/l/mjc_walker.json,3
94.805664,0.6894531,0.74902344,3,hard_masking,worlds/l/h17_unicycle.json,3
49.220703,0.99121094,0.9453125,3,hard_masking,worlds/l/chain_lander.json,3
68.35205,0.41455078,0.5908203,3,hard_masking,worlds/l/catcher_v3.json,3
174.44531,0.72558594,0.7836914,3,hard_masking,worlds/l/trampoline.json,3
76.95654,0.77734375,0.80029297,3,hard_masking,worlds/l/car_launch.json,3
32.25,0.4868164,0.6176758,3,naive,worlds/l/grasp_easy.json,4
182.81152,0.35839844,0.34472656,3,naive,worlds/l/catapult.json,4
57.404785,0.2993164,0.52441406,3,naive,worlds/l/cartpole_thrust.json,4
57.72461,0.6855469,0.7495117,3,naive,worlds/l/hard_lunar_lander.json,4
98.72363,0.9140625,0.7993164,3,naive,worlds/l/mjc_half_cheetah.json,4
245.94238,0.2788086,0.25439453,3,naive,worlds/l/mjc_swimmer.json,4
220.76953,0.012207031,0.08154297,3,naive,worlds/l/mjc_walker.json,4
99.046875,0.6713867,0.74365234,3,naive,worlds/l/h17_unicycle.json,4
50.19629,0.9863281,0.9423828,3,naive,worlds/l/chain_lander.json,4
67.206055,-0.03466797,0.3017578,3,naive,worlds/l/catcher_v3.json,4
173.42188,0.7290039,0.7885742,3,naive,worlds/l/trampoline.json,4
79.85205,0.6074219,0.7050781,3,naive,worlds/l/car_launch.json,4
36.95166,0.86035156,0.8774414,3,realtime,worlds/l/grasp_easy.json,4
159.19336,0.47216797,0.45947266,3,realtime,worlds/l/catapult.json,4
58.132324,0.51953125,0.6738281,3,realtime,worlds/l/cartpole_thrust.json,4
51.609863,0.89501953,0.89208984,3,realtime,worlds/l/hard_lunar_lander.json,4
85.81787,0.95703125,0.8359375,3,realtime,worlds/l/mjc_half_cheetah.json,4
233.80566,0.5390625,0.4765625,3,realtime,worlds/l/mjc_swimmer.json,4
219.01123,0.34033203,0.33007812,3,realtime,worlds/l/mjc_walker.json,4
99.23486,0.6953125,0.74658203,3,realtime,worlds/l/h17_unicycle.json,4
49.82959,0.98828125,0.9350586,3,realtime,worlds/l/chain_lander.json,4
68.1416,0.37548828,0.5620117,3,realtime,worlds/l/catcher_v3.json,4
173.3003,0.7451172,0.8017578,3,realtime,worlds/l/trampoline.json,4
74.36328,0.7792969,0.8100586,3,realtime,worlds/l/car_launch.json,4
35.41162,0.828125,0.8535156,3,bid,worlds/l/grasp_easy.json,4
170.24023,0.41796875,0.40234375,3,bid,worlds/l/catapult.json,4
57.7334,0.27978516,0.52734375,3,bid,worlds/l/cartpole_thrust.json,4
53.665527,0.7416992,0.7885742,3,bid,worlds/l/hard_lunar_lander.json,4
85.904785,0.95996094,0.8364258,3,bid,worlds/l/mjc_half_cheetah.json,4
238.37451,0.4794922,0.421875,3,bid,worlds/l/mjc_swimmer.json,4
220.77441,0.27441406,0.27441406,3,bid,worlds/l/mjc_walker.json,4
100.885254,0.6542969,0.71777344,3,bid,worlds/l/h17_unicycle.json,4
49.9292,0.9902344,0.9404297,3,bid,worlds/l/chain_lander.json,4
67.40234,0.11230469,0.3876953,3,bid,worlds/l/catcher_v3.json,4
174.97754,0.72265625,0.77734375,3,bid,worlds/l/trampoline.json,4
78.51611,0.6982422,0.7553711,3,bid,worlds/l/car_launch.json,4
36.345215,0.84472656,0.87109375,3,hard_masking,worlds/l/grasp_easy.json,4
163.42725,0.45117188,0.43896484,3,hard_masking,worlds/l/catapult.json,4
57.94336,0.55615234,0.6972656,3,hard_masking,worlds/l/cartpole_thrust.json,4
51.529785,0.8979492,0.8930664,3,hard_masking,worlds/l/hard_lunar_lander.json,4
85.49414,0.95703125,0.84375,3,hard_masking,worlds/l/mjc_half_cheetah.json,4
234.75488,0.53271484,0.4819336,3,hard_masking,worlds/l/mjc_swimmer.json,4
214.2876,0.4038086,0.38964844,3,hard_masking,worlds/l/mjc_walker.json,4
97.19629,0.6948242,0.75097656,3,hard_masking,worlds/l/h17_unicycle.json,4
50.157227,0.98779297,0.9379883,3,hard_masking,worlds/l/chain_lander.json,4
68.086426,0.33496094,0.53759766,3,hard_masking,worlds/l/catcher_v3.json,4
173.18066,0.75927734,0.8095703,3,hard_masking,worlds/l/trampoline.json,4
76.98877,0.7602539,0.78808594,3,hard_masking,worlds/l/car_launch.json,4
33.330566,0.45996094,0.60302734,3,naive,worlds/l/grasp_easy.json,5
182.14893,0.36376953,0.35107422,3,naive,worlds/l/catapult.json,5
54.18506,0.22607422,0.49121094,3,naive,worlds/l/cartpole_thrust.json,5
61.31299,0.46728516,0.6113281,3,naive,worlds/l/hard_lunar_lander.json,5
95.44238,0.9433594,0.8330078,3,naive,worlds/l/mjc_half_cheetah.json,5
246.23633,0.28955078,0.2607422,3,naive,worlds/l/mjc_swimmer.json,5
223.04834,-0.027832031,0.048828125,3,naive,worlds/l/mjc_walker.json,5
103.09082,0.66308594,0.73095703,3,naive,worlds/l/h17_unicycle.json,5
51.012207,0.9892578,0.93066406,3,naive,worlds/l/chain_lander.json,5
67.265625,-0.04638672,0.28222656,3,naive,worlds/l/catcher_v3.json,5
173.30078,0.75,0.8071289,3,naive,worlds/l/trampoline.json,5
75.43701,0.6035156,0.7080078,3,naive,worlds/l/car_launch.json,5
36.631348,0.8413086,0.8569336,3,realtime,worlds/l/grasp_easy.json,5
168.45947,0.42773438,0.41552734,3,realtime,worlds/l/catapult.json,5
55.486816,0.44384766,0.6328125,3,realtime,worlds/l/cartpole_thrust.json,5
52.46875,0.8144531,0.83154297,3,realtime,worlds/l/hard_lunar_lander.json,5
86.188965,0.9560547,0.8417969,3,realtime,worlds/l/mjc_half_cheetah.json,5
237.8706,0.4741211,0.42382812,3,realtime,worlds/l/mjc_swimmer.json,5
220.17236,0.29492188,0.2998047,3,realtime,worlds/l/mjc_walker.json,5
99.396484,0.6699219,0.72802734,3,realtime,worlds/l/h17_unicycle.json,5
50.524902,0.98583984,0.9448242,3,realtime,worlds/l/chain_lander.json,5
68.25781,0.32470703,0.53222656,3,realtime,worlds/l/catcher_v3.json,5
173.54443,0.7548828,0.8046875,3,realtime,worlds/l/trampoline.json,5
74.72363,0.7241211,0.7739258,3,realtime,worlds/l/car_launch.json,5
34.59082,0.81884766,0.8461914,3,bid,worlds/l/grasp_easy.json,5
172.00098,0.4111328,0.39990234,3,bid,worlds/l/catapult.json,5
54.300293,0.23779297,0.48583984,3,bid,worlds/l/cartpole_thrust.json,5
55.065918,0.6376953,0.71875,3,bid,worlds/l/hard_lunar_lander.json,5
86.02588,0.95654297,0.8457031,3,bid,worlds/l/mjc_half_cheetah.json,5
239.50781,0.42773438,0.3779297,3,bid,worlds/l/mjc_swimmer.json,5
224.83887,0.17382812,0.19384766,3,bid,worlds/l/mjc_walker.json,5
102.359375,0.61816406,0.6982422,3,bid,worlds/l/h17_unicycle.json,5
51.01953,0.98339844,0.93896484,3,bid,worlds/l/chain_lander.json,5
67.30029,0.05078125,0.34228516,3,bid,worlds/l/catcher_v3.json,5
175.07373,0.7285156,0.77734375,3,bid,worlds/l/trampoline.json,5
71.97803,0.67822266,0.75341797,3,bid,worlds/l/car_launch.json,5
36.433105,0.84228516,0.8564453,3,hard_masking,worlds/l/grasp_easy.json,5
168.54199,0.4272461,0.41503906,3,hard_masking,worlds/l/catapult.json,5
55.486816,0.44384766,0.6328125,3,hard_masking,worlds/l/cartpole_thrust.json,5
52.46875,0.8144531,0.83154297,3,hard_masking,worlds/l/hard_lunar_lander.json,5
86.22412,0.9555664,0.8461914,3,hard_masking,worlds/l/mjc_half_cheetah.json,5
237.8706,0.4741211,0.42382812,3,hard_masking,worlds/l/mjc_swimmer.json,5
219.99414,0.2939453,0.30029297,3,hard_masking,worlds/l/mjc_walker.json,5
99.396484,0.6699219,0.72802734,3,hard_masking,worlds/l/h17_unicycle.json,5
50.524902,0.98583984,0.9448242,3,hard_masking,worlds/l/chain_lander.json,5
68.26123,0.32226562,0.5317383,3,hard_masking,worlds/l/catcher_v3.json,5
173.54248,0.7558594,0.8046875,3,hard_masking,worlds/l/trampoline.json,5
74.95068,0.7236328,0.7734375,3,hard_masking,worlds/l/car_launch.json,5
32.680176,0.45410156,0.5991211,4,naive,worlds/l/grasp_easy.json,4
188.36475,0.33398438,0.31640625,4,naive,worlds/l/catapult.json,4
51.8291,0.107910156,0.3955078,4,naive,worlds/l/cartpole_thrust.json,4
62.19922,0.36279297,0.5371094,4,naive,worlds/l/hard_lunar_lander.json,4
135.77002,0.8227539,0.71484375,4,naive,worlds/l/mjc_half_cheetah.json,4
251.82959,0.14501953,0.12597656,4,naive,worlds/l/mjc_swimmer.json,4
215.979,-0.0859375,0.016113281,4,naive,worlds/l/mjc_walker.json,4
108.57471,0.5786133,0.6777344,4,naive,worlds/l/h17_unicycle.json,4
50.9458,0.98876953,0.94921875,4,naive,worlds/l/chain_lander.json,4
66.941895,-0.10595703,0.24414062,4,naive,worlds/l/catcher_v3.json,4
176.15283,0.60839844,0.7001953,4,naive,worlds/l/trampoline.json,4
81.248535,0.4658203,0.6088867,4,naive,worlds/l/car_launch.json,4
36.95508,0.8520508,0.8598633,4,realtime,worlds/l/grasp_easy.json,4
173.95264,0.4008789,0.39013672,4,realtime,worlds/l/catapult.json,4
53.084473,0.2861328,0.515625,4,realtime,worlds/l/cartpole_thrust.json,4
53.209473,0.68896484,0.7583008,4,realtime,worlds/l/hard_lunar_lander.json,4
92.308105,0.9511719,0.83740234,4,realtime,worlds/l/mjc_half_cheetah.json,4
244.51904,0.3359375,0.29736328,4,realtime,worlds/l/mjc_swimmer.json,4
222.32568,0.19628906,0.21728516,4,realtime,worlds/l/mjc_walker.json,4
104.348145,0.5395508,0.6333008,4,realtime,worlds/l/h17_unicycle.json,4
50.7666,0.98876953,0.9501953,4,realtime,worlds/l/chain_lander.json,4
67.60254,0.15527344,0.41455078,4,realtime,worlds/l/catcher_v3.json,4
174.2334,0.7270508,0.78027344,4,realtime,worlds/l/trampoline.json,4
76.79004,0.59814453,0.6948242,4,realtime,worlds/l/car_launch.json,4
36.34326,0.81933594,0.84277344,4,bid,worlds/l/grasp_easy.json,4
178.229,0.38183594,0.3696289,4,bid,worlds/l/catapult.json,4
52.151855,0.114746094,0.40039062,4,bid,worlds/l/cartpole_thrust.json,4
56.73877,0.49169922,0.625,4,bid,worlds/l/hard_lunar_lander.json,4
91.43701,0.94628906,0.83203125,4,bid,worlds/l/mjc_half_cheetah.json,4
248.20654,0.24658203,0.21533203,4,bid,worlds/l/mjc_swimmer.json,4
227.60156,0.09277344,0.13085938,4,bid,worlds/l/mjc_walker.json,4
109.68359,0.51416016,0.6123047,4,bid,worlds/l/h17_unicycle.json,4
51.200195,0.9873047,0.9404297,4,bid,worlds/l/chain_lander.json,4
67.166504,-0.04638672,0.28710938,4,bid,worlds/l/catcher_v3.json,4
175.69922,0.7128906,0.7739258,4,bid,worlds/l/trampoline.json,4
80.63672,0.5073242,0.62939453,4,bid,worlds/l/car_launch.json,4
36.98584,0.8510742,0.8623047,4,hard_masking,worlds/l/grasp_easy.json,4
173.95264,0.4008789,0.39013672,4,hard_masking,worlds/l/catapult.json,4
53.084473,0.2861328,0.515625,4,hard_masking,worlds/l/cartpole_thrust.json,4
53.209473,0.68896484,0.7583008,4,hard_masking,worlds/l/hard_lunar_lander.json,4
92.29004,0.9501953,0.83984375,4,hard_masking,worlds/l/mjc_half_cheetah.json,4
244.51904,0.3359375,0.29736328,4,hard_masking,worlds/l/mjc_swimmer.json,4
220.71484,0.19433594,0.22265625,4,hard_masking,worlds/l/mjc_walker.json,4
104.348145,0.5395508,0.6333008,4,hard_masking,worlds/l/h17_unicycle.json,4
50.7666,0.98876953,0.9501953,4,hard_masking,worlds/l/chain_lander.json,4
67.60596,0.1538086,0.41210938,4,hard_masking,worlds/l/catcher_v3.json,4
174.23633,0.72753906,0.78027344,4,hard_masking,worlds/l/trampoline.json,4
76.881836,0.5961914,0.69433594,4,hard_masking,worlds/l/car_launch.json,4
